id,text,label,subtype,category,language,delivery_mode,brand_used,sender_id,source,cluster_id,cluster_label
8,"Hello Amit, your FEDEX package with tracking code GB-4970-F64 is waiting for you to set delivery preferences: bit.ly/3xK9pL",spam,link_fraud,fake_delivery_link,en,link_only,,VK-LOANAP,synthetic_v2,4,delivery_parcel_fraud
33,"Hello Pooja, your FEDEX package with tracking code GB-2014-F66 is waiting for you to set delivery preferences: tinyurl.com/y8mfraud",spam,link_fraud,fake_delivery_link,en,link_only,,INFO-GOVT,synthetic_v2,4,delivery_parcel_fraud
39,"Hello Pooja, your FEDEX package with tracking code GB-1626-G66 is waiting for you to set delivery preferences: e3fmr.info/track",spam,link_fraud,fake_delivery_link,en,link_only,,VK-RTOGOV,synthetic_v2,4,delivery_parcel_fraud
47,"Hello Amit, your FEDEX package with tracking code GB-8605-B45 is waiting for you to set delivery preferences: e3fmr.info/track",spam,link_fraud,fake_delivery_link,en,link_only,,VM-WHATSP,synthetic_v2,4,delivery_parcel_fraud
56,"Hello Pooja, your FEDEX package with tracking code GB-2088-D58 is waiting for you to set delivery preferences: bit.ly/3xK9pL",spam,link_fraud,fake_delivery_link,en,link_only,,+91 7700XXXX45,synthetic_v2,4,delivery_parcel_fraud
61,"आदरणीय ग्राहक,
आपका FedEx पार्सल ट्रैकिंग कोड GB-5357-F96 अधूरे पते के कारण वितरित नहीं किया जा सका।
कृपया आज ही कार्रवाई करें, अन्यथा आपका खाता बंद हो जाएगा।
नीचे दिए गए लिंक से ऐप इंस्टॉल करें।
fedex-delivery-in.xyz
FedEx_Delivery.apk",spam,apk_fraud,courier,hi,link_apk,FedEx,JD-ITAXRF,synthetic_v2,4,delivery_parcel_fraud
82,"Hello Rajesh, your FEDEX package with tracking code GB-6263-D94 is waiting for you to set delivery preferences: tinyurl.com/y8mfraud",spam,link_fraud,fake_delivery_link,en,link_only,,+91 7700XXXX45,synthetic_v2,4,delivery_parcel_fraud
99,"Hello Vikram, ur FEDEX package with tracking code GB-2674-A96 is waiting for you to set delivery preferences: tinyurl.com/y8mfraud",spam,link_fraud,fake_delivery_link,en,link_only,,AD-ICICIB,synthetic_v2,4,delivery_parcel_fraud
103,"Hello Vikram, your FEDEX package with tracking code GB-5975-E38 is waiting for you to set delivery preferences: cutt.ly/fakeapp",spam,link_fraud,fake_delivery_link,en,link_only,,+91 8800XXXX12,synthetic_v2,4,delivery_parcel_fraud
124,"Hello Rajesh, your FEDEX package with tracking code GB-9938-A95 is WAITING for you to set delivery preferences: bit.ly/3xK9pL",spam,link_fraud,fake_delivery_link,en,link_only,,AX-PWRBIL,synthetic_v2,4,delivery_parcel_fraud
139,"Your FedEx parcel with tracking code GB-6878-G67 could not be delivered due to incomplete address.
தயவுசெய்து 24 மணி நேரத்திற்குள் நடவடிக்கை எடுக்கவும், இல்லையெனில் உங்கள் கணக்கு முடக்கப்படும்.
கீழே உள்ள இணைப்பிலிருந்து ஆப்பை நிறுவவும்.
fedex-delivery-in.xyz
FedEx_Delivery.apk",spam,apk_fraud,courier,ta,link_apk,FedEx,VM-SBIBNK,synthetic_v2,4,delivery_parcel_fraud
149,"Hello Anjali, your FEDEX package with tracking code GB-3187-C66 is waiting for you to set delivery preferences: bedy13.com/update",spam,link_fraud,fake_delivery_link,en,link_only,,AD-NETFLX,synthetic_v2,4,delivery_parcel_fraud
214,"Hello Manoj, your FEDEX package with tracking code GB-3836-G35 is waiting for you to set delivery preferences: e5nbu.xyz/claim",spam,link_fraud,fake_delivery_link,en,link_only,,+91 7700XXXX45,synthetic_v2,4,delivery_parcel_fraud
224,"Dear User, Your FedEx parcel with tracking code GB-7557-C76 could not be delivered due to incomplete address. Please act within 24 hours or your connection will be disconnected. Please check the attached file for full details and open it to proceed.
[Forwarded] FedEx_Delivery.apk  14 MB . APK",spam,apk_fraud,courier,en,attached_file_no_link,FedEx,VK-INDPST,synthetic_v2,4,delivery_parcel_fraud
242,"Hello Suresh, your FEDEX package with tracking code GB-8505-G93 is waiting for you to set delivery preferences: e3fmr.info/track",spam,link_fraud,fake_delivery_link,en,link_only,,VK-LOANAP,synthetic_v2,4,delivery_parcel_fraud
245,"Hello Priya, your FEDEX package with tracking code GB-8738-C88 is waiting for you to set delivery preferences: tinyurl.com/y8mfraud",spam,link_fraud,fake_delivery_link,en,link_only,,VK-INDPST,synthetic_v2,4,delivery_parcel_fraud
248,"প্রিয় গ্রাহক,
আপনার FedEx পার্সেল ট্র্যাকিং কোড GB-6133-F71 অসম্পূর্ণ ঠিকানার কারণে ডেলিভার করা যায়নি।
অনুগ্রহ করে অবিলম্বে ব্যবস্থা নিন, নতুবা আপনার অ্যাকাউন্ট বন্ধ হয়ে যাবে।
নিচের লিঙ্ক থেকে অ্যাপ ইনস্টল করুন।
fedex-delivery-in.xyz
FedEx_Delivery.apk",spam,apk_fraud,courier,bn,link_apk,FedEx,+91 8800XXXX12,synthetic_v2,4,delivery_parcel_fraud
298,"Hello Anjali, your FEDEX package with tracking code GB-3531-E21 is waiting for you to set delivery preferences: bedy13.com/update",spam,link_fraud,fake_delivery_link,en,link_only,,JD-ITAXRF,synthetic_v2,4,delivery_parcel_fraud
316,"Hello Manoj, your FEDEX package with tracking code GB-4473-H44 is waiting for you to set delivery preferences: tinyurl.com/y8mfraud",spam,link_fraud,fake_delivery_link,en,link_only,,VK-RTOGOV,synthetic_v2,4,delivery_parcel_fraud
326,"ਪਿਆਰੇ ਗਾਹਕ ,
Your FedEx parcel with tracking code GB-5987-D75 could not be delivered due to incomplete address.
ਕਿਰਪਾ ਕਰਕੇ ਅੱਜ ਹੀ ਕਾਰਵਾਈ ਕਰੋ, ਨਹੀਂ ਤਾਂ ਤੁਹਾਡਾ ਖਾਤਾ ਬਲਾਕ ਹੋ ਜਾਵੇਗਾ।
Scan the QR code attached to this message to complete verification instantly.",spam,apk_fraud,courier,pa,qr_code,FedEx,INFO-GOVT,synthetic_v2,4,delivery_parcel_fraud
345,"आदरणीय ग्राहक, आपका FedEx पार्सल ट्रैकिंग कोड GB-4517-C41 अधूरे पते के कारण वितरित नहीं किया जा सका। कृपया तुरंत कार्रवाई करें, अन्यथा कानूनी कार्रवाई की जाएगी। नीचे दिए गए लिंक से ऐप इंस्टॉल करें। fedex-delivery-in.xyz FedEx_Delivery.apk",spam,apk_fraud,courier,hi,link_apk,FedEx,AD-ICICIB,synthetic_v2,4,delivery_parcel_fraud
377,"Dear Sir/Madam, Your FedEx parcel with tracking code GB-1866-D66 could not be delivered due to incomplete address. Please act right now to avoid penalty or legal action will be taken against you. Click the link below and install the app to proceed.
fedex-delivery-in.xyz
FedEx_Delivery.apk",spam,apk_fraud,courier,en,link_apk,FedEx,+91 8800XXXX12,synthetic_v2,4,delivery_parcel_fraud
391,"Hello Vikram, your FEDEX package with tracking code GB-5146-H36 is waiting for you to set delivery preferences: e5nbu.xyz/claim",spam,link_fraud,fake_delivery_link,en,link_only,,VM-SBIBNK,synthetic_v2,4,delivery_parcel_fraud
395,"Hello Suresh, your FEDEX package with tracking code GB-8260-B91 is waiting for you to set delivery preferences: bedy13.com/update",spam,link_fraud,fake_delivery_link,en,link_only,,AX-PWRBIL,synthetic_v2,4,delivery_parcel_fraud
401,"ਸਤਿਕਾਰਯੋਗ ਗਾਹਕ,
Your FedEx parcel with tracking code GB-1569-H60 could not be delivered due to incomplete address.
ਕਿਰਪਾ ਕਰਕੇ 24 ਘੰਟਿਆਂ ਦੇ ਅੰਦਰ ਕਾਰਵਾਈ ਕਰੋ, ਨਹੀਂ ਤਾਂ ਤੁਹਾਡਾ ਖਾਤਾ ਬਲਾਕ ਹੋ ਜਾਵੇਗਾ।
ਹੇਠਾਂ ਦਿੱਤੇ ਲਿੰਕ ਤੋਂ ਐਪ ਇੰਸਟਾਲ ਕਰੋ।
fedex-delivery-in.xyz
FedEx_Delivery.apk",spam,apk_fraud,courier,pa,link_apk,FedEx,AD-NETFLX,synthetic_v2,4,delivery_parcel_fraud
402,"आदरणीय ग्राहक,
तुमचे FedEx पार्सल ट्रॅकिंग कोड GB-9914-G66 अपूर्ण पत्त्यामुळे वितरित होऊ शकले नाही..
कृपया आजच कारवाई करा, अन्यथा तुमचे खाते बंद होईल.
कृपया संलग्न फाईल तपासा आणि पुढे जाण्यासाठी ती उघडा.
[फॉरवर्ड केलेले] FedEx_Delivery.apk  14 MB . APK",spam,apk_fraud,courier,mr,attached_file_no_link,FedEx,AD-ICICIB,synthetic_v2,4,delivery_parcel_fraud
426,"Hello Sunita, your FEDEX package with tracking code GB-4555-G24 is waiting for you to set delivery preferences: e5nbu.xyz/claim",spam,link_fraud,fake_delivery_link,en,link_only,,VM-SBIBNK,synthetic_v2,4,delivery_parcel_fraud
446,"Hello Anjali, your FEDEX package with tracking code GB-6817-G32 is waiting for you to set delivery preferences: bit.ly/3xK9pL",spam,link_fraud,fake_delivery_link,en,link_only,,AD-NETFLX,synthetic_v2,4,delivery_parcel_fraud
457,"Hello Rajesh, your FEDEX package with tracking code GB-6758-B25 is waiting for you to set delivery preferences: e5nbu.xyz/claim",spam,link_fraud,fake_delivery_link,en,link_only,,INFO-GOVT,synthetic_v2,4,delivery_parcel_fraud
469,"प्रिय ग्राहक ,
आपका FedEx पार्सल ट्रैकिंग कोड GB-5386-A15 अधूरे पते के कारण वितरित नहीं किया जा सका।
कृपया 24 घंटे के भीतर कार्रवाई करें, अन्यथा कानूनी कार्रवाई की जाएगी।
नीचे दिए गए लिंक से ऐप इंस्टॉल करें।
fedex-delivery-in.xyz
FedEx_Delivery.apk",spam,apk_fraud,courier,hi,link_apk,FedEx,JD-ITAXRF,synthetic_v2,4,delivery_parcel_fraud
480,"আপনার FedEx পার্সেল ট্র্যাকিং কোড GB-6253-D48 অসম্পূর্ণ ঠিকানার কারণে ডেলিভার করা যায়নি।
অনুগ্রহ করে ২৪ ঘন্টার মধ্যে ব্যবস্থা নিন, নতুবা আপনার অ্যাকাউন্ট বন্ধ হয়ে যাবে।
এই বার্তার সাথে সংযুক্ত কিউআর কোডটি স্ক্যান করুন এবং অবিলম্বে যাচাই করুন।",spam,apk_fraud,courier,bn,qr_code,FedEx,JD-ITAXRF,synthetic_v2,4,delivery_parcel_fraud
498,"Hello Pooja, your FEDEX package with tracking code GB-8564-C76 is waiting for you to set delivery preferences: e3fmr.info/track",spam,link_fraud,fake_delivery_link,en,link_only,,VK-INDPST,synthetic_v2,4,delivery_parcel_fraud
527,"Hello Suresh, your FEDEX package with tracking code GB-5895-B54 is waiting for you to set delivery preferences: tinyurl.com/y8mfraud",spam,link_fraud,fake_delivery_link,en,link_only,,VM-WHATSP,synthetic_v2,4,delivery_parcel_fraud
553,"Hello Anjali, your FEDEX package with tracking code GB-7931-H30 is waiting for you to set delivery preferences: bit.ly/3xK9pL",spam,link_fraud,fake_delivery_link,en,link_only,,VK-UPIRWD,synthetic_v2,4,delivery_parcel_fraud
577,"Hello Priya, UR FEDEX package with tracking code GB-8881-E31 is waiting for you to set delivery preferences: bit.ly/3xK9pL",spam,link_fraud,fake_delivery_link,en,link_only,,AD-ICICIB,synthetic_v2,4,delivery_parcel_fraud
601,"Hello Kavita, your FEDEX package with tracking code GB-9162-C48 is waiting for you to set delivery preferences: cutt.ly/fakeapp",spam,link_fraud,fake_delivery_link,en,link_only,,AD-NETFLX,synthetic_v2,4,delivery_parcel_fraud
608,"Hello Anjali, your FEDEX package with tracking code GB-1861-B11 is waiting for you to set delivery preferences: e5nbu.xyz/claim",spam,link_fraud,fake_delivery_link,en,link_only,,JD-ITAXRF,synthetic_v2,4,delivery_parcel_fraud
638,"Hello Suresh, your FEDEX package with tracking code GB-9542-F74 is waiting for you to set delivery preferences: bedy13.com/update",spam,link_fraud,fake_delivery_link,en,link_only,,INFO-GOVT,synthetic_v2,4,delivery_parcel_fraud
692,"Hello Kavita, your FEDEX package with tracking code GB-9329-G67 is waiting for you to set delivery preferences: e3fmr.info/track",spam,link_fraud,fake_delivery_link,en,link_only,,+91 8800XXXX12,synthetic_v2,4,delivery_parcel_fraud
695,"Hello Suresh, your FEDEX package with tracking code GB-3285-H34 is waiting for you to set delivery preferences: e3fmr.info/track",spam,link_fraud,fake_delivery_link,en,link_only,,VM-SBIBNK,synthetic_v2,4,delivery_parcel_fraud
741,"Hello Rajesh, your FEDEX package with tracking code GB-5160-C54 is waiting for you to set delivery preferences: e5nbu.xyz/claim",spam,link_fraud,fake_delivery_link,en,link_only,,AD-ICICIB,synthetic_v2,4,delivery_parcel_fraud
742,"Hello Pooja, your FEDEX package with tracking code GB-1883-A36 is waiting for you to set delivery preferences: tinyurl.com/y8mfraud",spam,link_fraud,fake_delivery_link,en,link_only,,JD-ITAXRF,synthetic_v2,4,delivery_parcel_fraud
779,"Hello Anjali, your FEDEX package with tracking code GB-9569-G55 is waiting for you to set delivery preferences: bit.ly/3xK9pL",spam,link_fraud,fake_delivery_link,en,link_only,,AD-ICICIB,synthetic_v2,4,delivery_parcel_fraud
804,"Hello Pooja, your FEDEX package with tracking code GB-8568-A18 is waiting for you to set delivery preferences: tinyurl.com/y8mfraud",spam,link_fraud,fake_delivery_link,en,link_only,,+91 7700XXXX45,synthetic_v2,4,delivery_parcel_fraud
848,"Hello Manoj, your FEDEX package with tracking code GB-5760-F18 is waiting for you to set delivery preferences: tinyurl.com/y8mfraud",spam,link_fraud,fake_delivery_link,en,link_only,,JD-ITAXRF,synthetic_v2,4,delivery_parcel_fraud
856,"Hello Priya, your FEDEX package with tracking code GB-6556-E24 is waiting for you to set delivery preferences: bedy13.com/update",spam,link_fraud,fake_delivery_link,en,link_only,,AD-NETFLX,synthetic_v2,4,delivery_parcel_fraud
889,"Hello Suresh, your FEDEX package with tracking code GB-9837-C82 is waiting for you to set delivery preferences: cutt.ly/fakeapp",spam,link_fraud,fake_delivery_link,en,link_only,,+91 7700XXXX45,synthetic_v2,4,delivery_parcel_fraud
914,"Hello Manoj, your FEDEX package with tracking code GB-8105-G11 is waiting for you to set delivery preferences: e3fmr.info/track",spam,link_fraud,fake_delivery_link,en,link_only,,VM-SBIBNK,synthetic_v2,4,delivery_parcel_fraud
918,"Hello Vikram, your FEDEX package with tracking code GB-6649-B49 is waiting for you to set delivery preferences: e3fmr.info/track",spam,link_fraud,fake_delivery_link,en,link_only,,+91 7700XXXX45,synthetic_v2,4,delivery_parcel_fraud
955,"Hello Vikram, your FEDEX package with tracking code GB-7511-G10 is waiting for you to set delivery preferences: tinyurl.com/y8mfraud",spam,link_fraud,fake_delivery_link,en,link_only,,VK-RTOGOV,synthetic_v2,4,delivery_parcel_fraud
962,"Hello Pooja, UR FEDEX package with tracking code GB-5635-A72 is waiting for you to set delivery preferences: tinyurl.com/y8mfraud",spam,link_fraud,fake_delivery_link,en,link_only,,AD-NETFLX,synthetic_v2,4,delivery_parcel_fraud
999,"Hello Rajesh, your FEDEX package with tracking code GB-2515-A13 is waiting for you to set delivery preferences: e3fmr.info/track",spam,link_fraud,fake_delivery_link,en,link_only,,AD-ICICIB,synthetic_v2,4,delivery_parcel_fraud
1018,"Hello Rajesh, your FEDEX package with tracking code GB-1348-A29 is waiting for you to set delivery preferences: bit.ly/3xK9pL",spam,link_fraud,fake_delivery_link,en,link_only,,VM-SBIBNK,synthetic_v2,4,delivery_parcel_fraud
1035,"Hello Pooja, your FEDEX package with tracking code GB-4033-A75 is waiting for you to set delivery preferences: tinyurl.com/y8mfraud",spam,link_fraud,fake_delivery_link,en,link_only,,VK-LOANAP,synthetic_v2,4,delivery_parcel_fraud
1048,"Hello Pooja, your FEDEX package with tracking code GB-9185-D42 is waiting for you to set delivery preferences: tinyurl.com/y8mfraud",spam,link_fraud,fake_delivery_link,en,link_only,,JD-ITAXRF,synthetic_v2,4,delivery_parcel_fraud
1154,"Hello Amit, your FEDEX package with tracking code GB-4865-E51 is waiting for you to set delivery preferences: cutt..ly/fakeapp",spam,link_fraud,fake_delivery_link,en,link_only,,AD-ICICIB,synthetic_v2,4,delivery_parcel_fraud
1155,"Hello Kavita, your FEDEX package with TRACKING code GB-5028-F43 is waiting for you to set delivery preferences: bit.ly/3xK9pL",spam,link_fraud,fake_delivery_link,en,link_only,,VK-RTOGOV,synthetic_v2,4,delivery_parcel_fraud
1177,"Hello Pooja, your FEDEX package with tracking code GB-3065-E23 is waiting for you to set delivery preferences: tinyurl.com/y8mfraud",spam,link_fraud,fake_delivery_link,en,link_only,,INFO-GOVT,synthetic_v2,4,delivery_parcel_fraud
1179,"Hello Kavita, your FEDEX package with tracking code GB-9940-A13 is waiting for you to set delivery preferences: e5nbu.xyz/claim",spam,link_fraud,fake_delivery_link,en,link_only,,VM-SBIBNK,synthetic_v2,4,delivery_parcel_fraud
1250,"Hello Manoj, your FEDEX package with tracking code GB-9379-A10 is waiting for you to set delivery preferences: bit.ly/3xK9pL",spam,link_fraud,fake_delivery_link,en,link_only,,AD-NETFLX,synthetic_v2,4,delivery_parcel_fraud
1265,"आदरणीय ग्राहक,
आपका FedEx पार्सल ट्रैकिंग कोड GB-6580-H55 अधूरे पते के कारण वितरित नहीं किया जा सका।
कृपया 24 घंटे के भीतर कार्रवाई करें, अन्यथा आपका कनेक्शन काट दिया जाएगा।
नीचे दिए गए लिंक से ऐप इंस्टॉल करें।
fedex-delivery-in.xyz
FedEx_Delivery.apk",spam,apk_fraud,courier,hi,link_apk,FedEx,VK-LOANAP,synthetic_v2,4,delivery_parcel_fraud
1290,"Hello Pooja, your FEDEX package with tracking code GB-1630-H36 is waiting for you to set delivery preferences: cutt.ly/fakeapp",spam,link_fraud,fake_delivery_link,en,link_only,,+91 7700XXXX45,synthetic_v2,4,delivery_parcel_fraud
1291,"Hello Sunita, your FEDEX package with tracking code GB-4389-H13 IS waiting for you to set delivery preferences: cutt.ly/fakeapp",spam,link_fraud,fake_delivery_link,en,link_only,,VK-INDPST,synthetic_v2,4,delivery_parcel_fraud
1294,"Hello Amit, your FEDEX package with tracking code GB-7722-B10 is waiting for you to set delivery preferences: cutt.ly/fakeapp",spam,link_fraud,fake_delivery_link,en,link_only,,+91 7700XXXX45,synthetic_v2,4,delivery_parcel_fraud
1303,"Hello Pooja, your FEDEX package with tracking code GB-1386-D89 is waiting for you to set delivery preferences: e5nbu.xyz/claim",spam,link_fraud,fake_delivery_link,en,link_only,,VK-UPIRWD,synthetic_v2,4,delivery_parcel_fraud
1304,"Hello Rajesh, your FEDEX package with tracking code GB-2702-F98 is waiting for you to set delivery preferences: bit.ly/3xK9pL",spam,link_fraud,fake_delivery_link,en,link_only,,AD-ICICIB,synthetic_v2,4,delivery_parcel_fraud
1331,"Hello Kavita, your FEDEX package with tracking code GB-9642-C99 is waiting for you to set delivery preferences: cutt.ly/fakeapp",spam,link_fraud,fake_delivery_link,en,link_only,,VK-RTOGOV,synthetic_v2,4,delivery_parcel_fraud
1346,"Hello Amit, your FEDEX package with tracking code GB-9297-D50 is waiting for you to set delivery preferences: e3fmr.info/track",spam,link_fraud,fake_delivery_link,en,link_only,,AD-ICICIB,synthetic_v2,4,delivery_parcel_fraud
1354,"Hello Rajesh, your FEDEX package with tracking code GB-1463-A21 is waiting for you to set delivery preferences: tinyurl.com/y8mfraud",spam,link_fraud,fake_delivery_link,en,link_only,,JD-ITAXRF,synthetic_v2,4,delivery_parcel_fraud
1400,"Hello Suresh, your FEDEX package with tracking code GB-4514-B68 is waiting for you to set delivery preferences: e5nbu.xyz/claim",spam,link_fraud,fake_delivery_link,en,link_only,,+91 7700XXXX45,synthetic_v2,4,delivery_parcel_fraud
1403,"ਪਿਆਰੇ ਗਾਹਕ,
Your FedEx parcel with tracking code GB-7265-F68 could not be delivered due to incomplete address.
ਕਿਰਪਾ ਕਰਕੇ 24 ਘੰਟਿਆਂ ਦੇ ਅੰਦਰ ਕਾਰਵਾਈ ਕਰੋ, ਨਹੀਂ ਤਾਂ ਤੁਹਾਡਾ ਖਾਤਾ ਬਲਾਕ ਹੋ ਜਾਵੇਗਾ।
There is an important update regarding your recent request. Please open the document below and follow the steps to complete the process.
[Forwarded] FedEx_Delivery.apk",spam,apk_fraud,courier,pa,no_explicit_app_word,FedEx,+91 7700XXXX45,synthetic_v2,4,delivery_parcel_fraud
1405,"Hello Sunita, your FEDEX package with tracking code GB-3820-C16 is waiting for you to set delivery preferences: tinyurl.com/y8mfraud",spam,link_fraud,fake_delivery_link,en,link_only,,VM-WHATSP,synthetic_v2,4,delivery_parcel_fraud
1415,"Hello Rajesh, your FEDEX package with tracking code GB-1225-C86 is waiting for you to set delivery preferences: bedy13.com/update",spam,link_fraud,fake_delivery_link,en,link_only,,+91 7700XXXX45,synthetic_v2,4,delivery_parcel_fraud
1442,"Hello Priya, your FEDEX package with tracking code GB-2345-F94 is waiting for you to set delivery preferences: cutt.ly/fakeapp",spam,link_fraud,fake_delivery_link,en,link_only,,JD-ITAXRF,synthetic_v2,4,delivery_parcel_fraud
1453,"Hello Priya, your FEDEX package with tracking code GB-7128-A50 is waiting for you to set delivery preferences: tinyurl.com/y8mfraud",spam,link_fraud,fake_delivery_link,en,link_only,,VK-RTOGOV,synthetic_v2,4,delivery_parcel_fraud
1455,"प्रिय उपयोगकर्ता,
आपका FedEx पार्सल ट्रैकिंग कोड GB-5628-A40 अधूरे पते के कारण वितरित नहीं किया जा सका।
कृपया आज ही कार्रवाई करें, अन्यथा कानूनी कार्रवाई की जाएगी।
नीचे दिए गए लिंक से ऐप इंस्टॉल करें।
fedex-delivery-in.xyz
FedEx_Delivery.apk",spam,apk_fraud,courier,hi,link_apk,FedEx,VK-UPIRWD,synthetic_v2,4,delivery_parcel_fraud
1486,"Hello Manoj, your FEDEX package with tracking code GB-1995-C40 is waiting for you to set delivery preferences: bedy13.com/update",spam,link_fraud,fake_delivery_link,en,link_only,,+91 8800XXXX12,synthetic_v2,4,delivery_parcel_fraud
1493,"Hello Priya, your FEDEX package with tracking code GB-2086-H50 is waiting for you to set delivery preferences: bedy13.com/update",spam,link_fraud,fake_delivery_link,en,link_only,,+91 8800XXXX12,synthetic_v2,4,delivery_parcel_fraud
1527,"Hello Anjali, your FEDEX package with tracking code GB-4964-D14 is waiting for you to set delivery preferences: tinyurl.com/y8mfraud",spam,link_fraud,fake_delivery_link,en,link_only,,INFO-GOVT,synthetic_v2,4,delivery_parcel_fraud
1567,"Hello Vikram, your FEDEX package with tracking code GB-8321-G23 is waiting for you to set delivery preferences: e5nbu.xyz/claim",spam,link_fraud,fake_delivery_link,en,link_only,,+91 7700XXXX45,synthetic_v2,4,delivery_parcel_fraud
1577,"Hello Kavita, your FEDEX package with tracking code GB-8241-A49 is waiting for you to set delivery preferences: e3fmr.info/track",spam,link_fraud,fake_delivery_link,en,link_only,,VM-SBIBNK,synthetic_v2,4,delivery_parcel_fraud
1587,"Hello Amit, your FEDEX package with tracking code GB-4796-D52 is waiting for you to set delivery preferences: cutt.ly/fakeapp",spam,link_fraud,fake_delivery_link,en,link_only,,+91 7700XXXX45,synthetic_v2,4,delivery_parcel_fraud
1595,"Hello Anjali, your FEDEX package with tracking code GB-1667-A16 is waiting for you to set delivery preferences: bedy13.com/update",spam,link_fraud,fake_delivery_link,en,link_only,,AX-PWRBIL,synthetic_v2,4,delivery_parcel_fraud
1601,"Hello Kavita, your FEDEX package with tracking code GB-1068-G99 is waiting for you to set delivery preferences: e5nbu.xyz/claim",spam,link_fraud,fake_delivery_link,en,link_only,,JD-ITAXRF,synthetic_v2,4,delivery_parcel_fraud
1645,"Hello Suresh, your FEDEX package with tracking code GB-3326-G92 is waiting for you to set delivery preferences: bedy13.com/update",spam,link_fraud,fake_delivery_link,en,link_only,,+91 8800XXXX12,synthetic_v2,4,delivery_parcel_fraud
1652,"Hello Suresh, your FEDEX package with tracking code GB-9725-C42 is waiting for you to set delivery preferences: bit.ly/3xK9pL",spam,link_fraud,fake_delivery_link,en,link_only,,VK-LOANAP,synthetic_v2,4,delivery_parcel_fraud
1693,"प्रिय ग्राहक,
आपका FedEx पार्सल ट्रैकिंग कोड GB-8388-D57 अधूरे पते के कारण वितरित नहीं किया जा सका।
कृपया 24 घंटे के भीतर कार्रवाई करें, अन्यथा आपका कनेक्शन काट दिया जाएगा।
कृपया संलग्न फ़ाइल देखें और आगे बढ़ने हेतु उसे खोलें।
[अग्रेषित] FedEx_Delivery.apk  14 MB . APK",spam,apk_fraud,courier,hi,attached_file_no_link,FedEx,VK-LOANAP,synthetic_v2,4,delivery_parcel_fraud
1695,"Dear User, Your FedEx parcel with tracking code GB-6008-C82 could not be delivered due to incomplete address. Kindly respond before midnight, otherwise your service will be suspended permanently. Click and open the pdf file below and check your details.
[Forwarded] FedEx_Delivery.apk  14 MB . APK",spam,apk_fraud,courier,en,pdf_then_apk,FedEx,AD-ICICIB,synthetic_v2,4,delivery_parcel_fraud
1714,"Dear Customer, Your FedEx parcel with tracking code GB-8085-F65 could not be delivered due to incomplete address. Please act right now to avoid penalty or your connection will be disconnected. Click the link below and install the app to proceed.
fedex-delivery-in.xyz
FedEx_Delivery.apk",spam,apk_fraud,courier,en,link_apk,FedEx,VK-INDPST,synthetic_v2,4,delivery_parcel_fraud
1717,"محترم گاہک،
Your FedEx parcel with tracking code GB-6707-D85 could not be delivered due to incomplete address.
براہ کرم 24 گھنٹوں کے اندر اقدام کریں، ورنہ آپ کا اکاؤنٹ بند ہو جائے گا۔
There is an important update regarding your recent request. Please open the document below and follow the steps to complete the process.
[Forwarded] FedEx_Delivery.apk",spam,apk_fraud,courier,ur,no_explicit_app_word,FedEx,+91 7700XXXX45,synthetic_v2,4,delivery_parcel_fraud
1742,"Hello Manoj, your FEDEX package with tracking code GB-5673-G72 is waiting for you to set delivery preferences: bit.ly/3xK9pL",spam,link_fraud,fake_delivery_link,en,link_only,,VM-WHATSP,synthetic_v2,4,delivery_parcel_fraud
1747,"Hello Amit, ur FEDEX package with tracking code GB-6353-E48 is waiting for you to set delivery preferences: e5nbu.xyz/claim",spam,link_fraud,fake_delivery_link,en,link_only,,AD-ICICIB,synthetic_v2,4,delivery_parcel_fraud
1749,"Hello Amit, ur FEDEX package with tracking code GB-6662-G15 is waiting for you to set delivery preferences: tinyurl.com/y8mfraud",spam,link_fraud,fake_delivery_link,en,link_only,,AX-PWRBIL,synthetic_v2,4,delivery_parcel_fraud
1763,"Hello Vikram, your FEDEX package with tracking code GB-2254-A20 is waiting for you to set delivery preferences: cutt.ly/fakeapp",spam,link_fraud,fake_delivery_link,en,link_only,,+91 8800XXXX12,synthetic_v2,4,delivery_parcel_fraud
1764,"Hello Amit, your FEDEX package with tracking code GB-4025-H31 is waiting for you to set delivery preferences: e3fmr.info/track",spam,link_fraud,fake_delivery_link,en,link_only,,+91 8800XXXX12,synthetic_v2,4,delivery_parcel_fraud
1793,"Hello Amit, your FEDEX package with tracking code GB-4933-A35 is waiting for you to set delivery preferences: bedy13.com/update",spam,link_fraud,fake_delivery_link,en,link_only,,JD-ITAXRF,synthetic_v2,4,delivery_parcel_fraud
1796,"Hello Priya, your FEDEX package with tracking code GB-6069-D20 is waiting for you to set delivery preferences: e5nbu.xyz/claim",spam,link_fraud,fake_delivery_link,en,link_only,,VM-WHATSP,synthetic_v2,4,delivery_parcel_fraud
1801,"Hello Vikram, your FEDEX package with tracking code GB-1185-C87 is waiting for you to set delivery preferences: tinyurl.com/y8mfraud",spam,link_fraud,fake_delivery_link,en,link_only,,INFO-GOVT,synthetic_v2,4,delivery_parcel_fraud
1813,"Hello Vikram, your FEDEX package with tracking code GB-5469-A77 is waiting for you to set delivery preferences: bedy13.com/update",spam,link_fraud,fake_delivery_link,en,link_only,,VK-LOANAP,synthetic_v2,4,delivery_parcel_fraud
1853,"Hello Sunita, your FEDEX package with tracking code GB-9635-D45 is waiting for you to set delivery preferences: tinyurl.com/y8mfraud",spam,link_fraud,fake_delivery_link,en,link_only,,VK-RTOGOV,synthetic_v2,4,delivery_parcel_fraud
1870,"Hello Kavita, your FEDEX package with tracking code GB-9015-D19 is waiting for you to set delivery preferences: bit.ly/3xK9pL",spam,link_fraud,fake_delivery_link,en,link_only,,VM-SBIBNK,synthetic_v2,4,delivery_parcel_fraud
1880,"Hello Sunita, your FEDEX package with tracking code GB-6098-B41 is waiting for YOU to set delivery preferences: e3fmr.info/track",spam,link_fraud,fake_delivery_link,en,link_only,,JD-ITAXRF,synthetic_v2,4,delivery_parcel_fraud
1886,"Hello Manoj, your FEDEX package with tracking code GB-4061-C21 is waiting for you to set delivery preferences: e5nbu.xyz/claim",spam,link_fraud,fake_delivery_link,en,link_only,,VK-INDPST,synthetic_v2,4,delivery_parcel_fraud
1893,"প্রিয় গ্রাহক,
আপনার FedEx পার্সেল ট্র্যাকিং কোড GB-9804-D78 অসম্পূর্ণ ঠিকানার কারণে ডেলিভার করা যায়নি।
অনুগ্রহ করে অবিলম্বে ব্যবস্থা নিন, নতুবা আপনার অ্যাকাউন্ট বন্ধ হয়ে যাবে।
নিচের লিঙ্ক থেকে অ্যাপ ইনস্টল করুন।
fedex-delivery-in.xyz
FedEx_Delivery.apk",spam,apk_fraud,courier,bn,link_apk,FedEx,VM-SBIBNK,synthetic_v2,4,delivery_parcel_fraud
1895,"Hello Priya, your FEDEX package with tracking code GB-7088-D52 is waiting for you to set delivery preferences: cutt.ly/fakeapp",spam,link_fraud,fake_delivery_link,en,link_only,,+91 8800XXXX12,synthetic_v2,4,delivery_parcel_fraud
1970,"प्रिय ग्राहक,
आपका FedEx पार्सल ट्रैकिंग कोड GB-9039-F79 अधूरे पते के कारण वितरित नहीं किया जा सका।
कृपया तुरंत कार्रवाई करें, अन्यथा आपका कनेक्शन काट दिया जाएगा।
नीचे दिए गए लिंक से ऐप इंस्टॉल करें।
fedex-delivery-in.xyz
FedEx_Delivery.apk",spam,apk_fraud,courier,hi,link_apk,FedEx,AX-PWRBIL,synthetic_v2,4,delivery_parcel_fraud
1977,"Hello Amit, your FEDEX package with tracking code GB-8033-E40 is waiting for you to set delivery preferences: e3fmr.info/track",spam,link_fraud,fake_delivery_link,en,link_only,,VM-WHATSP,synthetic_v2,4,delivery_parcel_fraud
1986,"Hello Sunita, your FEDEX package with tracking code GB-1218-H83 is waiting for you to set delivery preferences: bedy13.com/update",spam,link_fraud,fake_delivery_link,en,link_only,,VK-LOANAP,synthetic_v2,4,delivery_parcel_fraud
2006,"Hello Kavita, your FEDEX package with tracking code GB-1785-G42 is waiting for you to set delivery preferences: bit.ly/3xK9pL",spam,link_fraud,fake_delivery_link,en,link_only,,VK-INDPST,synthetic_v2,4,delivery_parcel_fraud
2015,"Hello Priya, your FEDEX package with tracking code GB-4662-G42 is waiting for you to set delivery preferences: bedy13.com/update",spam,link_fraud,fake_delivery_link,en,link_only,,VM-WHATSP,synthetic_v2,4,delivery_parcel_fraud
2031,"Hello Rajesh, your FEDEX package with tracking code GB-3558-H43 is waiting for you to set delivery preferences: bedy13.com/update",spam,link_fraud,fake_delivery_link,en,link_only,,VK-INDPST,synthetic_v2,4,delivery_parcel_fraud
2063,"Hello Vikram, your FEDEX package with tracking code GB-8500-A43 is waiting for you to set delivery preferences: e5nbu.xyz/claim",spam,link_fraud,fake_delivery_link,en,link_only,,AD-NETFLX,synthetic_v2,4,delivery_parcel_fraud
2108,"Hello Vikram, your FEDEX package with tracking code GB-1200-C37 is waiting for you to set delivery preferences: tinyurl..com/y8mfraud",spam,link_fraud,fake_delivery_link,en,link_only,,INFO-GOVT,synthetic_v2,4,delivery_parcel_fraud
2121,"Hello Sunita, your FEDEX package with tracking code GB-7698-D31 is waiting for you to set delivery preferences: cutt.ly/fakeapp",spam,link_fraud,fake_delivery_link,en,link_only,,AD-ICICIB,synthetic_v2,4,delivery_parcel_fraud
2124,"प्रिय ग्राहक,
तुमचे FedEx पार्सल ट्रॅकिंग कोड GB-3260-G10 अपूर्ण पत्त्यामुळे वितरित होऊ शकले नाही.
कृपया २४ तासांच्या आत कारवाई करा, अन्यथा तुमचे खाते बंद होईल.
या संदेशासोबत जोडलेला क्यूआर कोड स्कॅन करा आणि त्वरित पडताळणी करा.",spam,apk_fraud,courier,mr,qr_code,FedEx,+91 7700XXXX45,synthetic_v2,4,delivery_parcel_fraud
2140,"Hello Amit, ur FEDEX PACKAGE with tracking code GB-2581-G86 is waiting for you to set delivery preferences: tinyurl.com/y8mfraud",spam,link_fraud,fake_delivery_link,en,link_only,,AD-ICICIB,synthetic_v2,4,delivery_parcel_fraud
2166,"Hello Amit, your FEDEX package with tracking code GB-6909-E32 is waiting for you to set delivery preferences: bit.ly/3xK9pL",spam,link_fraud,fake_delivery_link,en,link_only,,VK-INDPST,synthetic_v2,4,delivery_parcel_fraud
2170,"Hello Rajesh, your FEDEX package with tracking code GB-2006-C51 is waiting for you to set delivery preferences: cutt.ly/fakeapp",spam,link_fraud,fake_delivery_link,en,link_only,,+91 8800XXXX12,synthetic_v2,4,delivery_parcel_fraud
2180,"Hello Vikram, your FEDEX package with tracking code GB-5347-H71 is waiting for you to set delivery preferences: bit.ly/3xK9pL",spam,link_fraud,fake_delivery_link,en,link_only,,VK-LOANAP,synthetic_v2,4,delivery_parcel_fraud
2188,"Hello Kavita, your FEDEX package with tracking code GB-4698-C72 is waiting for you to set delivery preferences: e3fmr.info/track",spam,link_fraud,fake_delivery_link,en,link_only,,JD-ITAXRF,synthetic_v2,4,delivery_parcel_fraud
2190,"Hello Pooja , your FEDEX package with tracking code GB-4392-H27 is waiting for you to set delivery preferences: bit.ly/3xK9pL",spam,link_fraud,fake_delivery_link,en,link_only,,VK-INDPST,synthetic_v2,4,delivery_parcel_fraud
2208,"Hello Rajesh, your FEDEX package with tracking code GB-7542-D98 is waiting for you to set delivery preferences: bedy13.com/update",spam,link_fraud,fake_delivery_link,en,link_only,,VK-UPIRWD,synthetic_v2,4,delivery_parcel_fraud
2237,"Hello Pooja, your FEDEX package with tracking code GB-1238-D54 is waiting for you to set delivery preferences: cutt.ly/fakeapp",spam,link_fraud,fake_delivery_link,en,link_only,,AD-ICICIB,synthetic_v2,4,delivery_parcel_fraud
2252,"Hello Anjali, your FEDEX package with tracking code GB-9087-E35 is waiting for you to set delivery preferences: bit.ly/3xK9pL",spam,link_fraud,fake_delivery_link,en,link_only,,AX-PWRBIL,synthetic_v2,4,delivery_parcel_fraud
2253,"Hello Pooja, your FEDEX package with tracking code GB-1695-E77 is waiting for you to set delivery preferences: bedy13..com/update",spam,link_fraud,fake_delivery_link,en,link_only,,+91 8800XXXX12,synthetic_v2,4,delivery_parcel_fraud
2258,"Hello Priya, your FEDEX package with tracking code GB-6617-E28 is waiting for you to set delivery preferences: bit.ly/3xK9pL",spam,link_fraud,fake_delivery_link,en,link_only,,AX-PWRBIL,synthetic_v2,4,delivery_parcel_fraud
2271,"Hello Kavita, your FEDEX package with tracking code GB-7392-E78 is waiting for you to set delivery preferences: tinyurl.com/y8mfraud",spam,link_fraud,fake_delivery_link,en,link_only,,+91 8800XXXX12,synthetic_v2,4,delivery_parcel_fraud
2298,"आपका FedEx पार्सल ट्रैकिंग कोड GB-7125-F62 अधूरे पते के कारण वितरित नहीं किया जा सका।
कृपया आज ही कार्रवाई करें, अन्यथा आपका खाता बंद हो जाएगा।
नीचे दिए गए लिंक से ऐप इंस्टॉल करें।
fedex-delivery-in.xyz
FedEx_Delivery.apk",spam,apk_fraud,courier,hi,link_apk,FedEx,VK-RTOGOV,synthetic_v2,4,delivery_parcel_fraud
2312,"Hello Amit, your FEDEX package with tracking code GB-3180-B56 is waiting for you to set delivery preferences: e3fmr.info/track",spam,link_fraud,fake_delivery_link,en,link_only,,VK-UPIRWD,synthetic_v2,4,delivery_parcel_fraud
2319,"Hello Pooja , your FEDEX package with tracking code GB-2435-G56 is waiting for you to set delivery preferences: e5nbu.xyz/claim",spam,link_fraud,fake_delivery_link,en,link_only,,+91 8800XXXX12,synthetic_v2,4,delivery_parcel_fraud
2334,"Hello Vikram, your FEDEX package with tracking code GB-2038-A13 is waiting for you to set delivery preferences: cutt.ly/fakeapp",spam,link_fraud,fake_delivery_link,en,link_only,,+91 8800XXXX12,synthetic_v2,4,delivery_parcel_fraud
2349,"Hello Sunita, your FEDEX package with TRACKING code GB-8233-C11 is waiting for you to set delivery preferences: e5nbu..xyz/claim",spam,link_fraud,fake_delivery_link,en,link_only,,JD-ITAXRF,synthetic_v2,4,delivery_parcel_fraud
2353,"Hello Suresh, your FEDEX package with tracking code GB-1649-F53 is waiting for you to set delivery preferences: cutt.ly/fakeapp",spam,link_fraud,fake_delivery_link,en,link_only,,INFO-GOVT,synthetic_v2,4,delivery_parcel_fraud
2378,"Hello Rajesh, your FEDEX package with tracking code GB-3344-B45 is waiting for you to set delivery preferences: bedy13.com/update",spam,link_fraud,fake_delivery_link,en,link_only,,VM-WHATSP,synthetic_v2,4,delivery_parcel_fraud
2382,"Hello Priya, your FEDEX package with tracking code GB-6782-B36 is waiting FOR you to set delivery preferences: e5nbu.xyz/claim",spam,link_fraud,fake_delivery_link,en,link_only,,INFO-GOVT,synthetic_v2,4,delivery_parcel_fraud
2403,"Hello Amit, your FEDEX package with tracking code GB-6454-C96 is waiting for you to set delivery preferences: cutt.ly/fakeapp",spam,link_fraud,fake_delivery_link,en,link_only,,+91 7700XXXX45,synthetic_v2,4,delivery_parcel_fraud
2408,"प्रिय ग्राहक, आपका FedEx पार्सल ट्रैकिंग कोड GB-1455-B59 अधूरे पते के कारण वितरित नहीं किया जा सका। कृपया तुरंत कार्रवाई करें, अन्यथा कानूनी कार्रवाई की जाएगी। कृपया संलग्न फ़ाइल देखें और आगे बढ़ने हेतु उसे खोलें। [अग्रेषित] FedEx_Delivery.apk 14 MB . APK",spam,apk_fraud,courier,hi,attached_file_no_link,FedEx,AX-PWRBIL,synthetic_v2,4,delivery_parcel_fraud
2413,"Hello Sunita, your FEDEX package with tracking code GB-9939-D25 is waiting for you to set delivery preferences: e5nbu.xyz/claim",spam,link_fraud,fake_delivery_link,en,link_only,,INFO-GOVT,synthetic_v2,4,delivery_parcel_fraud
2417,"Hello Pooja, your FEDEX package with tracking code GB-6777-G35 is waiting for you to set delivery preferences: cutt.ly/fakeapp",spam,link_fraud,fake_delivery_link,en,link_only,,+91 8800XXXX12,synthetic_v2,4,delivery_parcel_fraud
2435,"Hello Priya, your FEDEX package with tracking code GB-6090-B24 is waiting for you to set delivery preferences: e3fmr.info/track",spam,link_fraud,fake_delivery_link,en,link_only,,AD-ICICIB,synthetic_v2,4,delivery_parcel_fraud
2440,"आपका FedEx पार्सल ट्रैकिंग कोड GB-6286-A95 अधूरे पते के कारण वितरित नहीं किया जा सका। कृपया 24 घंटे के भीतर कार्रवाई करें, अन्यथा आपका खाता बंद हो जाएगा। नीचे दिए गए लिंक से ऐप इंस्टॉल करें। fedex-delivery-in.xyz FedEx_Delivery.apk",spam,apk_fraud,courier,hi,link_apk,FedEx,VK-LOANAP,synthetic_v2,4,delivery_parcel_fraud
2477,"Your FedEx parcel with tracking code GB-1099-B72 could not be delivered DUE to incomplete address. ਕਿਰਪਾ ਕਰਕੇ 24 ਘੰਟਿਆਂ ਦੇ ਅੰਦਰ ਕਾਰਵਾਈ ਕਰੋ, ਨਹੀਂ ਤਾਂ ਤੁਹਾਡਾ ਕੁਨੈਕਸ਼ਨ ਕੱਟ ਦਿੱਤਾ ਜਾਵੇਗਾ। Click and open the pdf file below and check your details. [Forwarded] FedEx_Delivery.apk 14 MB . APK",spam,apk_fraud,courier,pa,pdf_then_apk,FedEx,VK-UPIRWD,synthetic_v2,4,delivery_parcel_fraud
2479,"Attention Customer, Your FedEx parcel with tracking code GB-8899-A59 could not be delivered due to incomplete address. Please act within 3 days or legal action will be taken or your service will be suspended permanently. Click the link below and install the app to proceed.
fedex-delivery-in.xyz
FedEx_Delivery.apk",spam,apk_fraud,courier,en,link_apk,FedEx,VK-LOANAP,synthetic_v2,4,delivery_parcel_fraud
2492,"आपका FedEx पार्सल ट्रैकिंग कोड GB-7256-D75 अधूरे पते के कारण वितरित नहीं किया जा सका।
कृपया आज ही कार्रवाई करें, अन्यथा आपका खाता बंद हो जाएगा।
नीचे दिए गए लिंक से ऐप इंस्टॉल करें।
fedex-delivery-in.xyz
FedEx_Delivery.apk",spam,apk_fraud,courier,hi,link_apk,FedEx,AX-PWRBIL,synthetic_v2,4,delivery_parcel_fraud
2506,"Hello Pooja , your FEDEX package with tracking code GB-5772-A97 is waiting for you to set delivery preferences: e3fmr.info/track",spam,link_fraud,fake_delivery_link,en,link_only,,AD-ICICIB,synthetic_v2,4,delivery_parcel_fraud
2514,"Hello Kavita , your FEDEX package with tracking code GB-5861-B20 is waiting for you to set delivery preferences: bedy13.com/update",spam,link_fraud,fake_delivery_link,en,link_only,,VK-UPIRWD,synthetic_v2,4,delivery_parcel_fraud
2526,"Hello Vikram, your FEDEX package with tracking code GB-2716-E73 is waiting for you to set delivery preferences: e3fmr.info/track",spam,link_fraud,fake_delivery_link,en,link_only,,INFO-GOVT,synthetic_v2,4,delivery_parcel_fraud
2543,"Hello Sunita, your FEDEX package with tracking code GB-4639-H21 is waiting for you to set delivery preferences: tinyurl.com/y8mfraud",spam,link_fraud,fake_delivery_link,en,link_only,,JD-ITAXRF,synthetic_v2,4,delivery_parcel_fraud
2544,"Hello Priya, your FEDEX package with tracking code GB-4776-D70 is waiting for you to SET delivery preferences: e3fmr.info/track",spam,link_fraud,fake_delivery_link,en,link_only,,VK-RTOGOV,synthetic_v2,4,delivery_parcel_fraud
2546,"तुमचे FedEx पार्सल ट्रॅकिंग कोड GB-4460-B98 अपूर्ण पत्त्यामुळे वितरित होऊ शकले नाही.
कृपया २४ तासांच्या आत कारवाई करा , अन्यथा तुमचे कनेक्शन तोडले जाईल.
कृपया संलग्न फाईल तपासा आणि पुढे जाण्यासाठी ती उघडा.
[फॉरवर्ड केलेले] FedEx_Delivery.apk  14 MB . APK",spam,apk_fraud,courier,mr,attached_file_no_link,FedEx,INFO-GOVT,synthetic_v2,4,delivery_parcel_fraud
2571,"प्रिय ग्राहक, आपका FedEx पार्सल ट्रैकिंग कोड GB-7933-C64 अधूरे पते के कारण वितरित नहीं किया जा सका। कृपया आज ही कार्रवाई करें, अन्यथा आपका कनेक्शन काट दिया जाएगा। कृपया संलग्न फ़ाइल देखें और आगे बढ़ने हेतु उसे खोलें। [अग्रेषित] FedEx_Delivery..apk 14 MB . APK",spam,apk_fraud,courier,hi,attached_file_no_link,FedEx,VM-WHATSP,synthetic_v2,4,delivery_parcel_fraud
2595,"आपका FedEx पार्सल ट्रैकिंग कोड GB-8727-G76 अधूरे पते के कारण वितरित नहीं किया जा सका।
कृपया 24 घंटे के भीतर कार्रवाई करें, अन्यथा आपका खाता बंद हो जाएगा।
कृपया संलग्न फ़ाइल देखें और आगे बढ़ने हेतु उसे खोलें।
[अग्रेषित] FedEx_Delivery.apk  14 MB . APK",spam,apk_fraud,courier,hi,attached_file_no_link,FedEx,AX-PWRBIL,synthetic_v2,4,delivery_parcel_fraud
2603,"Hello Rajesh, your FEDEX package with tracking code GB-2261-B31 is waiting for you to set delivery preferences: tinyurl.com/y8mfraud",spam,link_fraud,fake_delivery_link,en,link_only,,VK-UPIRWD,synthetic_v2,4,delivery_parcel_fraud
2605,"Dear Customer, Your FedEx parcel with tracking code GB-4719-E12 could not be delivered due to incomplete address. Kindly respond right now to avoid penalty, otherwise you will lose this offer. Please check the attached file for full details and open it to proceed.
[Forwarded] FedEx_Delivery.apk  14 MB . APK",spam,apk_fraud,courier,en,attached_file_no_link,FedEx,AD-NETFLX,synthetic_v2,4,delivery_parcel_fraud
2613,"Hello Amit , your FEDEX package with tracking code GB-5179-F77 is waiting for you to set delivery preferences: cutt.ly/fakeapp",spam,link_fraud,fake_delivery_link,en,link_only,,VK-LOANAP,synthetic_v2,4,delivery_parcel_fraud
2615,"Hello Sunita, your FEDEX package with tracking code GB-6496-E27 is WAITING for you to set delivery preferences: bit.ly/3xK9pL",spam,link_fraud,fake_delivery_link,en,link_only,,+91 8800XXXX12,synthetic_v2,4,delivery_parcel_fraud
2631,"Hello Sunita, your FEDEX package with tracking code GB-8975-C75 is waiting for you to set delivery preferences: bit.ly/3xK9pL",spam,link_fraud,fake_delivery_link,en,link_only,,VM-SBIBNK,synthetic_v2,4,delivery_parcel_fraud
2633,"Hello Rajesh, your FEDEX package with tracking code GB-7595-B54 is waiting for you to set delivery preferences: bedy13.com/update",spam,link_fraud,fake_delivery_link,en,link_only,,+91 8800XXXX12,synthetic_v2,4,delivery_parcel_fraud
2685,"Hello Manoj, your FEDEX package with tracking code GB-3325-F43 is waiting for you to set delivery preferences: bit.ly/3xK9pL",spam,link_fraud,fake_delivery_link,en,link_only,,VK-UPIRWD,synthetic_v2,4,delivery_parcel_fraud
2702,"Hello Kavita, your FEDEX package with tracking code GB-2801-F84 is waiting for you to set delivery preferences: tinyurl.com/y8mfraud",spam,link_fraud,fake_delivery_link,en,link_only,,VM-WHATSP,synthetic_v2,4,delivery_parcel_fraud
2718,"Hello Kavita, your FEDEX package with tracking code GB-7746-E71 is waiting for you to set delivery preferences: cutt.ly/fakeapp",spam,link_fraud,fake_delivery_link,en,link_only,,+91 8800XXXX12,synthetic_v2,4,delivery_parcel_fraud
2750,"Hello Kavita, your FEDEX package with tracking code GB-2909-A21 is waiting for you to set delivery preferences: e5nbu.xyz/claim",spam,link_fraud,fake_delivery_link,en,link_only,,AD-NETFLX,synthetic_v2,4,delivery_parcel_fraud
2757,"Hello Rajesh, your FEDEX package with tracking code GB-5363-F93 is waiting for you to set delivery preferences: bedy13.com/update",spam,link_fraud,fake_delivery_link,en,link_only,,+91 8800XXXX12,synthetic_v2,4,delivery_parcel_fraud
2766,"Hello Kavita, your FEDEX package with tracking code GB-5206-B45 is waiting for you to set delivery preferences: e3fmr.info/track",spam,link_fraud,fake_delivery_link,en,link_only,,INFO-GOVT,synthetic_v2,4,delivery_parcel_fraud
2772,"Hello Suresh, your FEDEX package with tracking code GB-8710-C59 is waiting for you to set delivery preferences: e3fmr.info/track",spam,link_fraud,fake_delivery_link,en,link_only,,AD-NETFLX,synthetic_v2,4,delivery_parcel_fraud
2786,"आपका FedEx पार्सल ट्रैकिंग कोड GB-4565-A36 अधूरे पते के कारण वितरित नहीं किया जा सका।
कृपया आज ही कार्रवाई करें, अन्यथा आपका खाता बंद हो जाएगा।
इस संदेश के साथ संलग्न क्यूआर कोड स्कैन करें और तुरंत सत्यापित करें।",spam,apk_fraud,courier,hi,qr_code,FedEx,VM-WHATSP,synthetic_v2,4,delivery_parcel_fraud
2798,"Hello Vikram, your FEDEX package with tracking CODE GB-7883-F22 is waiting for you to set delivery preferences: tinyurl.com/y8mfraud",spam,link_fraud,fake_delivery_link,en,link_only,,+91 7700XXXX45,synthetic_v2,4,delivery_parcel_fraud
2809,"Hello Vikram, your FEDEX package with tracking code GB-4407-A63 is waiting for you to set delivery preferences: bit.ly/3xK9pL",spam,link_fraud,fake_delivery_link,en,link_only,,+91 8800XXXX12,synthetic_v2,4,delivery_parcel_fraud
2812,"Hello Sunita, your FEDEX package with tracking code GB-2152-H91 is waiting for you to set delivery preferences: bedy13.com/update",spam,link_fraud,fake_delivery_link,en,link_only,,VK-UPIRWD,synthetic_v2,4,delivery_parcel_fraud
2839,"Hello Vikram, ur FEDEX package with tracking code GB-4173-C93 is waiting for you to set delivery preferences: cutt.ly/fakeapp",spam,link_fraud,fake_delivery_link,en,link_only,,VK-INDPST,synthetic_v2,4,delivery_parcel_fraud
2842,"Hello Rajesh, your FEDEX package with tracking code GB-1523-H99 is waiting for you to set delivery preferences: bedy13.com/update",spam,link_fraud,fake_delivery_link,en,link_only,,VM-WHATSP,synthetic_v2,4,delivery_parcel_fraud
2853,"Hello Anjali, your FEDEX package with tracking code GB-3490-A15 is waiting for you to set delivery preferences: bedy13.com/update",spam,link_fraud,fake_delivery_link,en,link_only,,JD-ITAXRF,synthetic_v2,4,delivery_parcel_fraud
2863,"Hello Vikram, your FEDEX package with tracking code GB-4590-E89 is waiting for you to set delivery preferences: bedy13.com/update",spam,link_fraud,fake_delivery_link,en,link_only,,VM-WHATSP,synthetic_v2,4,delivery_parcel_fraud
2881,"आदरणीय ग्राहक,
तुमचे FedEx पार्सल ट्रॅकिंग कोड GB-3658-A23 अपूर्ण पत्त्यामुळे वितरित होऊ शकले नाही.
कृपया २४ तासांच्या आत कारवाई करा, अन्यथा तुमचे खाते बंद होईल.
खालील लिंकवरून अॅप इंस्टॉल करा.
fedex-delivery-in.xyz
FedEx_Delivery.apk",spam,apk_fraud,courier,mr,link_apk,FedEx,VM-WHATSP,synthetic_v2,4,delivery_parcel_fraud
2886,"Hello Anjali, your FEDEX package with tracking code GB-7709-E76 is waiting for you to set delivery preferences: tinyurl.com/y8mfraud",spam,link_fraud,fake_delivery_link,en,link_only,,AD-NETFLX,synthetic_v2,4,delivery_parcel_fraud
2887,"Hello Kavita, your FEDEX package with tracking code GB-9588-B15 is waiting for you to set delivery preferences: cutt..ly/fakeapp",spam,link_fraud,fake_delivery_link,en,link_only,,VK-UPIRWD,synthetic_v2,4,delivery_parcel_fraud
2909,"Hello Manoj, your FEDEX package with tracking code GB-8872-H59 is waiting for you to set delivery preferences: cutt.ly/fakeapp",spam,link_fraud,fake_delivery_link,en,link_only,,VM-WHATSP,synthetic_v2,4,delivery_parcel_fraud
2911,"Hello Priya, your FEDEX package with tracking code GB-4468-F11 is waiting for you to set delivery preferences: cutt.ly/fakeapp",spam,link_fraud,fake_delivery_link,en,link_only,,VK-LOANAP,synthetic_v2,4,delivery_parcel_fraud
2946,"Hello Priya, your FEDEX package with tracking code GB-6620-E95 is waiting for you to set delivery preferences: e5nbu.xyz/claim",spam,link_fraud,fake_delivery_link,en,link_only,,AD-NETFLX,synthetic_v2,4,delivery_parcel_fraud
2960,"Hello Anjali, your FEDEX package with tracking code GB-2926-G56 is waiting for you to set delivery preferences: e5nbu.xyz/claim",spam,link_fraud,fake_delivery_link,en,link_only,,AX-PWRBIL,synthetic_v2,4,delivery_parcel_fraud
2975,"Hello Pooja, YOUR FEDEX package with tracking code GB-7630-E38 is waiting for you to set delivery preferences: e3fmr.info/track",spam,link_fraud,fake_delivery_link,en,link_only,,VM-SBIBNK,synthetic_v2,4,delivery_parcel_fraud
2983,"Your FedEx parcel with tracking code GB-9693-A96 could not be delivered due to incomplete address. Please act within 24 hours or your service will be suspended permanently. Click the link below and install the app to proceed.
fedex-delivery-in.xyz
FedEx_Delivery.apk",spam,apk_fraud,courier,en,link_apk,FedEx,VM-SBIBNK,synthetic_v2,4,delivery_parcel_fraud
2997,"Hello Amit, your FEDEX package with tracking code GB-2274-C34 is waiting for you to set delivery preferences: tinyurl.com/y8mfraud",spam,link_fraud,fake_delivery_link,en,link_only,,VM-SBIBNK,synthetic_v2,4,delivery_parcel_fraud
3010,"Hello Suresh, your FEDEX package with tracking code GB-9346-B54 is waiting for you to set delivery preferences: cutt.ly/fakeapp",spam,link_fraud,fake_delivery_link,en,link_only,,AD-NETFLX,synthetic_v2,4,delivery_parcel_fraud
3065,"Hello Suresh, your FEDEX package with tracking code GB-3314-G68 is waiting for you to set delivery preferences: e3fmr.info/track",spam,link_fraud,fake_delivery_link,en,link_only,,AD-ICICIB,synthetic_v2,4,delivery_parcel_fraud
3081,"Hello Amit, your FEDEX package with tracking code GB-4860-D25 is waiting for you to set delivery preferences: bedy13.com/update",spam,link_fraud,fake_delivery_link,en,link_only,,JD-ITAXRF,synthetic_v2,4,delivery_parcel_fraud
3125,"Hello Priya, your FEDEX package with tracking code GB-4100-F47 is waiting for you to set delivery preferences: cutt.ly/fakeapp",spam,link_fraud,fake_delivery_link,en,link_only,,VK-UPIRWD,synthetic_v2,4,delivery_parcel_fraud
3135,"Hello Rajesh, your FEDEX package with tracking code GB-2893-B36 is waiting for you to set delivery preferences: e3fmr.info/track",spam,link_fraud,fake_delivery_link,en,link_only,,AD-ICICIB,synthetic_v2,4,delivery_parcel_fraud
3148,"Hello Priya , your FEDEX package with tracking code GB-9389-B37 is waiting for you to set delivery preferences: cutt.ly/fakeapp",spam,link_fraud,fake_delivery_link,en,link_only,,VM-WHATSP,synthetic_v2,4,delivery_parcel_fraud
3174,"Hello Pooja, your FEDEX package with tracking code GB-3347-D99 is waiting for you to set delivery preferences: bedy13.com/update",spam,link_fraud,fake_delivery_link,en,link_only,,VM-SBIBNK,synthetic_v2,4,delivery_parcel_fraud
3195,"Hello Sunita, your FEDEX package with tracking code GB-1492-A29 is waiting for you to set delivery preferences: e3fmr.info/track",spam,link_fraud,fake_delivery_link,en,link_only,,INFO-GOVT,synthetic_v2,4,delivery_parcel_fraud
3211,"Hello Kavita, your FEDEX package with tracking code GB-1716-B79 is waiting for you to set delivery preferences: cutt.ly/fakeapp",spam,link_fraud,fake_delivery_link,en,link_only,,+91 8800XXXX12,synthetic_v2,4,delivery_parcel_fraud
3255,"Hello Priya, your FEDEX package with tracking code GB-7551-D28 is waiting for you to set delivery preferences: cutt.ly/fakeapp",spam,link_fraud,fake_delivery_link,en,link_only,,VK-UPIRWD,synthetic_v2,4,delivery_parcel_fraud
3268,"Hello Pooja, your FEDEX package with tracking code GB-8540-H21 is waiting for you to set delivery preferences: bedy13.com/update",spam,link_fraud,fake_delivery_link,en,link_only,,VK-LOANAP,synthetic_v2,4,delivery_parcel_fraud
3272,"Hello Priya, your FEDEX package with tracking code GB-9981-B73 is waiting for you to set delivery preferences: bedy13.com/update",spam,link_fraud,fake_delivery_link,en,link_only,,VM-SBIBNK,synthetic_v2,4,delivery_parcel_fraud
3292,"Hello Pooja, your FEDEX package with tracking code GB-8506-C42 is waiting for you to set delivery preferences: cutt.ly/fakeapp",spam,link_fraud,fake_delivery_link,en,link_only,,VK-RTOGOV,synthetic_v2,4,delivery_parcel_fraud
3331,"Hello Pooja, your FEDEX package with tracking code GB-2255-H25 is waiting for you to set delivery preferences: bit.ly/3xK9pL",spam,link_fraud,fake_delivery_link,en,link_only,,+91 7700XXXX45,synthetic_v2,4,delivery_parcel_fraud
3332,"Attention Customer, Your FedEx parcel with tracking code GB-5706-D39 could not be delivered due to incomplete address. Please act before midnight or your service will be suspended permanently. Click and open the pdf file below and check your details.
[Forwarded] FedEx_Delivery.apk  14 MB . APK",spam,apk_fraud,courier,en,pdf_then_apk,FedEx,JD-ITAXRF,synthetic_v2,4,delivery_parcel_fraud
3337,"Hello Sunita, your FEDEX package with tracking code GB-3363-E14 is waiting for you to set delivery preferences: tinyurl.com/y8mfraud",spam,link_fraud,fake_delivery_link,en,link_only,,VM-SBIBNK,synthetic_v2,4,delivery_parcel_fraud
3380,"Hello Pooja, your FEDEX package with tracking code GB-9753-A43 is waiting for you to set delivery preferences: bedy13.com/update",spam,link_fraud,fake_delivery_link,en,link_only,,AD-ICICIB,synthetic_v2,4,delivery_parcel_fraud
3399,"ਸਤਿਕਾਰਯੋਗ ਗਾਹਕ,
Your FedEx parcel with tracking code GB-1145-H26 could not be delivered due to incomplete address.
ਕਿਰਪਾ ਕਰਕੇ ਅੱਜ ਹੀ ਕਾਰਵਾਈ ਕਰੋ, ਨਹੀਂ ਤਾਂ ਤੁਹਾਡਾ ਕੁਨੈਕਸ਼ਨ ਕੱਟ ਦਿੱਤਾ ਜਾਵੇਗਾ।
Click and open teh pdf file below and check ur details.
[Forwarded] FedEx_Delivery.apk  14 MB . APK",spam,apk_fraud,courier,pa,pdf_then_apk,FedEx,AX-PWRBIL,synthetic_v2,4,delivery_parcel_fraud
3418,"Hello Amit, your FEDEX package with tracking code GB-7251-A33 is waiting for you to set delivery preferences: cutt.ly/fakeapp",spam,link_fraud,fake_delivery_link,en,link_only,,AX-PWRBIL,synthetic_v2,4,delivery_parcel_fraud
3423,"Hello Priya, your FEDEX package with tracking code GB-6616-D83 is waiting for you to set delivery preferences: cutt.ly/fakeapp",spam,link_fraud,fake_delivery_link,en,link_only,,VK-RTOGOV,synthetic_v2,4,delivery_parcel_fraud
3467,"আপনার FedEx পার্সেল ট্র্যাকিং কোড GB-2406-F34 অসম্পূর্ণ ঠিকানার কারণে ডেলিভার করা যায়নি।
অনুগ্রহ করে আজই ব্যবস্থা নিন, নতুবা আপনার সংযোগ বিচ্ছিন্ন করা হবে।
নিচের লিঙ্ক থেকে অ্যাপ ইনস্টল করুন।
fedex-delivery-in..xyz
FedEx_Delivery.apk",spam,apk_fraud,courier,bn,link_apk,FedEx,VK-UPIRWD,synthetic_v2,4,delivery_parcel_fraud
3468,"Hello Kavita, your FEDEX package with tracking code GB-7951-E37 is waiting for you to set delivery preferences: e3fmr.info/track",spam,link_fraud,fake_delivery_link,en,link_only,,VK-UPIRWD,synthetic_v2,4,delivery_parcel_fraud
3479,"Hello Suresh, your FEDEX package with tracking code GB-4826-H12 is waiting for you to set delivery preferences: cutt.ly/fakeapp",spam,link_fraud,fake_delivery_link,en,link_only,,+91 7700XXXX45,synthetic_v2,4,delivery_parcel_fraud
3497,"Hello Manoj, your FEDEX package with tracking code GB-1925-H42 is waiting for you to set delivery preferences: tinyurl.com/y8mfraud",spam,link_fraud,fake_delivery_link,en,link_only,,VK-LOANAP,synthetic_v2,4,delivery_parcel_fraud
3502,"Hello Anjali, your FEDEX package with tracking code GB-1898-C26 is waiting for you to set delivery preferences: bedy13.com/update",spam,link_fraud,fake_delivery_link,en,link_only,,AD-ICICIB,synthetic_v2,4,delivery_parcel_fraud
3527,"Hello Priya, your FEDEX package with tracking code GB-9959-A24 is waiting for you to set delivery preferences: bit.ly/3xK9pL",spam,link_fraud,fake_delivery_link,en,link_only,,AD-ICICIB,synthetic_v2,4,delivery_parcel_fraud
3592,"Hello Manoj , your FEDEX PACKAGE with tracking code GB-3505-C27 is waiting for you to set delivery preferences: bedy13.com/update",spam,link_fraud,fake_delivery_link,en,link_only,,VK-UPIRWD,synthetic_v2,4,delivery_parcel_fraud
3601,"ਪਿਆਰੇ ਗਾਹਕ,
Your FedEx parcel with tracking code GB-1217-H12 could not be delivered due to incomplete address.
ਕਿਰਪਾ ਕਰਕੇ ਤੁਰੰਤ ਕਾਰਵਾਈ ਕਰੋ, ਨਹੀਂ ਤਾਂ ਤੁਹਾਡਾ ਖਾਤਾ ਬਲਾਕ ਹੋ ਜਾਵੇਗਾ।
Click and open the pdf file below and check your details.
[Forwarded] FedEx_Delivery.apk  14 MB . APK",spam,apk_fraud,courier,pa,pdf_then_apk,FedEx,VK-INDPST,synthetic_v2,4,delivery_parcel_fraud
3619,"Hello Amit, your FEDEX package with tracking code GB-5456-A96 is waiting for you to set delivery preferences: tinyurl.com/y8mfraud",spam,link_fraud,fake_delivery_link,en,link_only,,VK-INDPST,synthetic_v2,4,delivery_parcel_fraud
3651,"Hello Amit, your FEDEX package with tracking code GB-3022-G62 is waiting for you to set delivery preferences: e3fmr.info/track",spam,link_fraud,fake_delivery_link,en,link_only,,+91 8800XXXX12,synthetic_v2,4,delivery_parcel_fraud
3663,Your FedEx parcel with tracking code GB-7484-A75 could not be delivered due to incomplete address.. براہ کرم 24 گھنٹوں کے اندر اقدام کریں، ورنہ آپ کا کنکشن منقطع کر دیا جائے گا۔ There is an important update REGARDING your recent request. Please open the document below and follow the steps to complete the process. [Forwarded],spam,apk_fraud,courier,ur,no_explicit_app_word,FedEx,VK-RTOGOV,synthetic_v2,4,delivery_parcel_fraud
3665,"Hello Pooja, your FEDEX package with tracking code GB-6662-B90 is waiting for you to set delivery preferences: bit.ly/3xK9pL",spam,link_fraud,fake_delivery_link,en,link_only,,VM-WHATSP,synthetic_v2,4,delivery_parcel_fraud
3683,"Hello Pooja, your FEDEX package with tracking code GB-9338-E62 is waiting for you to set delivery preferences: e3fmr.info/track",spam,link_fraud,fake_delivery_link,en,link_only,,+91 7700XXXX45,synthetic_v2,4,delivery_parcel_fraud
3687,"Hello Amit, your FEDEX package with tracking code GB-4150-E74 is waiting FOR you to set delivery preferences: bit.ly/3xK9pL",spam,link_fraud,fake_delivery_link,en,link_only,,VK-LOANAP,synthetic_v2,4,delivery_parcel_fraud
3688,"Your FedEx parcel with tracking code GB-1078-D81 could not be delivered due to incomplete address.
براہ کرم 24 گھنٹوں کے اندر اقدام کریں، ورنہ آپ کا کنکشن منقطع کر دیا جائے گا۔
براہ کرم منسلک فائل دیکھیں اور آگے بڑھنے کے لیے اسے کھولیں۔
[فارورڈ شدہ] FedEx_Delivery.apk  14 MB . APK",spam,apk_fraud,courier,ur,attached_file_no_link,FedEx,AX-PWRBIL,synthetic_v2,4,delivery_parcel_fraud
3692,"ਸਤਿਕਾਰਯੋਗ ਗਾਹਕ,
Your FedEx parcel with tracking code GB-9327-H36 could not be delivered due to incomplete address.
ਕਿਰਪਾ ਕਰਕੇ ਤੁਰੰਤ ਕਾਰਵਾਈ ਕਰੋ, ਨਹੀਂ ਤਾਂ ਤੁਹਾਡਾ ਖਾਤਾ ਬਲਾਕ ਹੋ ਜਾਵੇਗਾ।
ਹੇਠਾਂ ਦਿੱਤੇ ਲਿੰਕ ਤੋਂ ਐਪ ਇੰਸਟਾਲ ਕਰੋ।
fedex-delivery-in.xyz
FedEx_Delivery.apk",spam,apk_fraud,courier,pa,link_apk,FedEx,VK-UPIRWD,synthetic_v2,4,delivery_parcel_fraud
3711,"Hello Anjali, your FEDEX package with tracking code GB-5620-D49 is waiting for you to set delivery preferences: bedy13.com/update",spam,link_fraud,fake_delivery_link,en,link_only,,AD-NETFLX,synthetic_v2,4,delivery_parcel_fraud
3715,"Hello Vikram, your FEDEX package with tracking code GB-2900-E76 is waiting for you to set delivery preferences: e3fmr.info/track",spam,link_fraud,fake_delivery_link,en,link_only,,VK-UPIRWD,synthetic_v2,4,delivery_parcel_fraud
3751,"Hello Pooja, your FEDEX package with tracking code GB-3592-A56 is waiting for you to set delivery preferences: bedy13.com/update",spam,link_fraud,fake_delivery_link,en,link_only,,VK-INDPST,synthetic_v2,4,delivery_parcel_fraud
3765,"Hello Suresh, your FEDEX package with tracking code GB-4176-G66 is waiting for you to set delivery preferences: bit.ly/3xK9pL",spam,link_fraud,fake_delivery_link,en,link_only,,VK-UPIRWD,synthetic_v2,4,delivery_parcel_fraud
3777,"Hello Pooja, your FEDEX package with tracking code GB-6384-D12 is waiting for YOU to set delivery preferences: tinyurl.com/y8mfraud",spam,link_fraud,fake_delivery_link,en,link_only,,AX-PWRBIL,synthetic_v2,4,delivery_parcel_fraud
3795,"Hello Kavita, your FEDEX package with tracking code GB-4657-D41 is waiting for you to set delivery preferences: bedy13.com/update",spam,link_fraud,fake_delivery_link,en,link_only,,AD-ICICIB,synthetic_v2,4,delivery_parcel_fraud
3808,"Hello Priya, your FEDEX package with tracking code GB-1443-C94 is waiting for you to set delivery preferences: bedy13.com/update",spam,link_fraud,fake_delivery_link,en,link_only,,VK-UPIRWD,synthetic_v2,4,delivery_parcel_fraud
3811,"Hello Vikram , your FEDEX package with tracking code GB-7092-A52 is waiting for you to set delivery preferences: tinyurl.com/y8mfraud",spam,link_fraud,fake_delivery_link,en,link_only,,VK-UPIRWD,synthetic_v2,4,delivery_parcel_fraud
3825,"Hello Suresh, your FEDEX package with tracking code GB-5634-E65 is waiting for you to set delivery preferences: bedy13.com/update",spam,link_fraud,fake_delivery_link,en,link_only,,VK-UPIRWD,synthetic_v2,4,delivery_parcel_fraud
3835,"প্রিয় গ্রাহক,
আপনার FedEx পার্সেল ট্র্যাকিং কোড GB-3800-B55 অসম্পূর্ণ ঠিকানার কারণে ডেলিভার করা যায়নি।
অনুগ্রহ করে ২৪ ঘন্টার মধ্যে ব্যবস্থা নিন, নতুবা আপনার অ্যাকাউন্ট বন্ধ হয়ে যাবে।
অনুগ্রহ করে সংযুক্ত ফাইলটি দেখুন এবং এগিয়ে যেতে এটি খুলুন।
[ফরওয়ার্ড করা হয়েছে] FedEx_Delivery.apk  14 MB . APK",spam,apk_fraud,courier,bn,attached_file_no_link,FedEx,AD-NETFLX,synthetic_v2,4,delivery_parcel_fraud
3844,"Hello Priya, your FEDEX package with tracking code GB-7655-A75 is waiting for you to set delivery preferences: cutt.ly/fakeapp",spam,link_fraud,fake_delivery_link,en,link_only,,VM-SBIBNK,synthetic_v2,4,delivery_parcel_fraud
3854,"Hello Vikram, your FEDEX package with tracking code GB-8154-G16 is waiting for you to set delivery preferences: e5nbu.xyz/claim",spam,link_fraud,fake_delivery_link,en,link_only,,VK-UPIRWD,synthetic_v2,4,delivery_parcel_fraud
3858,"Your FedEx parcel with tracking code GB-5526-B36 could not be delivered due to incomplete address.
ਕਿਰਪਾ ਕਰਕੇ ਅੱਜ ਹੀ ਕਾਰਵਾਈ ਕਰੋ, ਨਹੀਂ ਤਾਂ ਤੁਹਾਡਾ ਖਾਤਾ ਬਲਾਕ ਹੋ ਜਾਵੇਗਾ।
Scan the QR code attached to this message to complete verification instantly.",spam,apk_fraud,courier,pa,qr_code,FedEx,VK-LOANAP,synthetic_v2,4,delivery_parcel_fraud
3859,"Hello Vikram, your FEDEX package with tracking code GB-5068-H92 is waiting for you to set delivery preferences: bedy13.com/update",spam,link_fraud,fake_delivery_link,en,link_only,,VK-UPIRWD,synthetic_v2,4,delivery_parcel_fraud
3886,"Hello Vikram , your FEDEX package with tracking code GB-5406-B29 is waiting for you to set delivery preferences: bedy13.com/update",spam,link_fraud,fake_delivery_link,en,link_only,,VM-SBIBNK,synthetic_v2,4,delivery_parcel_fraud
3901,"Hello Amit, your FEDEX package with tracking code GB-7691-A43 is waiting for you to set delivery preferences: e3fmr.info/track",spam,link_fraud,fake_delivery_link,en,link_only,,VK-UPIRWD,synthetic_v2,4,delivery_parcel_fraud
3907,"Hello Amit, your FEDEX package with tracking code GB-7655-E97 is waiting for you to set delivery preferences: e3fmr.info/track",spam,link_fraud,fake_delivery_link,en,link_only,,VM-WHATSP,synthetic_v2,4,delivery_parcel_fraud
3928,"Hello Rajesh, your FEDEX package with tracking code GB-6933-H56 is waiting for you to set delivery preferences: tinyurl.com/y8mfraud",spam,link_fraud,fake_delivery_link,en,link_only,,+91 7700XXXX45,synthetic_v2,4,delivery_parcel_fraud
3963,"प्रिय ग्राहक,
तुमचे FedEx पार्सल ट्रॅकिंग कोड GB-2619-E94 अपूर्ण पत्त्यामुळे वितरित होऊ शकले नाही.
कृपया २४ तासांच्या आत कारवाई करा, अन्यथा तुमचे कनेक्शन तोडले जाईल.
कृपया संलग्न फाईल तपासा आणि पुढे जाण्यासाठी ती उघडा.
[फॉरवर्ड केलेले] FedEx_Delivery.apk  14 MB . APK",spam,apk_fraud,courier,mr,attached_file_no_link,FedEx,VK-RTOGOV,synthetic_v2,4,delivery_parcel_fraud
4006,"Hello Amit, ur FEDEX package with tracking code GB-2569-A64 is waiting for you to set delivery preferences: e5nbu.xyz/claim",spam,link_fraud,fake_delivery_link,en,link_only,,AX-PWRBIL,synthetic_v2,4,delivery_parcel_fraud
4026,"Hello Priya, your FEDEX package with tracking code GB-5850-E59 is waiting for you to set delivery preferences: tinyurl.com/y8mfraud",spam,link_fraud,fake_delivery_link,en,link_only,,JD-ITAXRF,synthetic_v2,4,delivery_parcel_fraud
4048,"Hello Kavita, your FEDEX package with tracking code GB-6352-B14 is waiting for you to set delivery preferences: bedy13..com/update",spam,link_fraud,fake_delivery_link,en,link_only,,VK-INDPST,synthetic_v2,4,delivery_parcel_fraud
4056,"Hello Manoj, your FEDEX package with tracking code GB-1072-H70 is waiting for you to set delivery preferences: bit.ly/3xK9pL",spam,link_fraud,fake_delivery_link,en,link_only,,VM-SBIBNK,synthetic_v2,4,delivery_parcel_fraud
4058,"Hello Suresh, your FEDEX package with tracking code GB-6503-G82 is waiting for you to set delivery preferences: tinyurl.com/y8mfraud",spam,link_fraud,fake_delivery_link,en,link_only,,VM-WHATSP,synthetic_v2,4,delivery_parcel_fraud
4061,"Hello Kavita, your FEDEX package with tracking code GB-7184-G46 is waiting for you to set delivery preferences: cutt.ly/fakeapp",spam,link_fraud,fake_delivery_link,en,link_only,,VK-INDPST,synthetic_v2,4,delivery_parcel_fraud
4072,"आपका FedEx पार्सल ट्रैकिंग कोड GB-9723-D88 अधूरे पते के कारण वितरित नहीं किया जा सका।
कृपया 24 घंटे के भीतर कार्रवाई करें, अन्यथा आपका खाता बंद हो जाएगा।
नीचे दिए गए लिंक से ऐप इंस्टॉल करें।
fedex-delivery-in.xyz
FedEx_Delivery.apk",spam,apk_fraud,courier,hi,link_apk,FedEx,+91 8800XXXX12,synthetic_v2,4,delivery_parcel_fraud
4073,"Hello Amit, your FEDEX package with tracking code GB-4691-F19 is waiting for you to set delivery preferences: bit.ly/3xK9pL",spam,link_fraud,fake_delivery_link,en,link_only,,+91 7700XXXX45,synthetic_v2,4,delivery_parcel_fraud
4117,"HELLO Vikram, your FEDEX package with tracking code GB-1032-C91 is waiting for you to set delivery preferences: e3fmr.info/track",spam,link_fraud,fake_delivery_link,en,link_only,,AD-ICICIB,synthetic_v2,4,delivery_parcel_fraud
4120,"Hello Suresh, your FEDEX package with tracking code GB-7530-B82 is waiting for you to set delivery preferences: e5nbu.xyz/claim",spam,link_fraud,fake_delivery_link,en,link_only,,VK-UPIRWD,synthetic_v2,4,delivery_parcel_fraud
4137,"Hello Rajesh, your FEDEX package with tracking code GB-1061-G56 is waiting for you to set delivery preferences: tinyurl.com/y8mfraud",spam,link_fraud,fake_delivery_link,en,link_only,,VM-WHATSP,synthetic_v2,4,delivery_parcel_fraud
4173,"Hello Amit, your FEDEX package with tracking code GB-8421-B60 is waiting for you to set delivery preferences: bedy13.com/update",spam,link_fraud,fake_delivery_link,en,link_only,,+91 8800XXXX12,synthetic_v2,4,delivery_parcel_fraud
4180,"Hello Sunita, your FEDEX package with tracking code GB-3347-A74 is waiting for you to set delivery preferences: tinyurl.com/y8mfraud",spam,link_fraud,fake_delivery_link,en,link_only,,VK-LOANAP,synthetic_v2,4,delivery_parcel_fraud
4195,"Hello Kavita, your FEDEX package with tracking code GB-9493-D67 is waiting for you to set delivery preferences: bit.ly/3xK9pL",spam,link_fraud,fake_delivery_link,en,link_only,,JD-ITAXRF,synthetic_v2,4,delivery_parcel_fraud
4211,"Hello Manoj , your FEDEX package with tracking code GB-1235-E27 is waiting for you to set delivery preferences: cutt.ly/fakeapp",spam,link_fraud,fake_delivery_link,en,link_only,,AD-NETFLX,synthetic_v2,4,delivery_parcel_fraud
4217,"प्रिय उपयोगकर्ता,
आपका FedEx पार्सल ट्रैकिंग कोड GB-5264-E53 अधूरे पते के कारण वितरित नहीं किया जा सका।
कृपया 24 घंटे के भीतर कार्रवाई करें, अन्यथा कानूनी कार्रवाई की जाएगी।
इस संदेश के साथ संलग्न क्यूआर कोड स्कैन करें और तुरंत सत्यापित करें।",spam,apk_fraud,courier,hi,qr_code,FedEx,VM-WHATSP,synthetic_v2,4,delivery_parcel_fraud
4218,"Hello Anjali, your FEDEX package with tracking code GB-1341-F92 is waiting for you to set delivery preferences: cutt.ly/fakeapp",spam,link_fraud,fake_delivery_link,en,link_only,,VM-WHATSP,synthetic_v2,4,delivery_parcel_fraud
4229,"Hello Suresh, your FEDEX package with tracking code GB-1325-D54 is waiting for you to set delivery preferences: tinyurl.com/y8mfraud",spam,link_fraud,fake_delivery_link,en,link_only,,INFO-GOVT,synthetic_v2,4,delivery_parcel_fraud
4259,"Hello Suresh, your FEDEX package with tracking code GB-4073-C82 is waiting for you to set delivery preferences: e3fmr.info/track",spam,link_fraud,fake_delivery_link,en,link_only,,VM-WHATSP,synthetic_v2,4,delivery_parcel_fraud
4266,"Hello Amit, your FEDEX package with tracking code GB-7484-D88 is waiting for you to set delivery preferences: e3fmr..info/track",spam,link_fraud,fake_delivery_link,en,link_only,,+91 7700XXXX45,synthetic_v2,4,delivery_parcel_fraud
4276,"Hello Suresh, your FEDEX package with tracking code GB-5590-G98 is waiting for you to set delivery preferences: bedy13.com/update",spam,link_fraud,fake_delivery_link,en,link_only,,VK-INDPST,synthetic_v2,4,delivery_parcel_fraud
4280,"Hello Pooja, your FEDEX package with tracking code GB-9425-B64 is waiting for you to set delivery preferences: e3fmr.info/track",spam,link_fraud,fake_delivery_link,en,link_only,,AX-PWRBIL,synthetic_v2,4,delivery_parcel_fraud
4285,"Hello Anjali, your FEDEX package with tracking code GB-6794-H73 is waiting for you to set delivery preferences: cutt.ly/fakeapp",spam,link_fraud,fake_delivery_link,en,link_only,,+91 8800XXXX12,synthetic_v2,4,delivery_parcel_fraud
4325,"Hello Pooja, your FEDEX package with tracking code GB-6982-D19 is waiting for you to set delivery preferences: tinyurl.com/y8mfraud",spam,link_fraud,fake_delivery_link,en,link_only,,INFO-GOVT,synthetic_v2,4,delivery_parcel_fraud
4326,"Hello Anjali, your FEDEX package with tracking code GB-2870-E44 is waiting for you to set delivery preferences: e5nbu.xyz/claim",spam,link_fraud,fake_delivery_link,en,link_only,,AD-NETFLX,synthetic_v2,4,delivery_parcel_fraud
4337,"Hello Amit, your FEDEX package with tracking code GB-9540-A36 is waiting for you to SET delivery preferences: bit.ly/3xK9pL",spam,link_fraud,fake_delivery_link,en,link_only,,+91 8800XXXX12,synthetic_v2,4,delivery_parcel_fraud
4356,"Hello Kavita, your FEDEX package with tracking code GB-7668-F22 is waiting for you to set delivery preferences: tinyurl.com/y8mfraud",spam,link_fraud,fake_delivery_link,en,link_only,,JD-ITAXRF,synthetic_v2,4,delivery_parcel_fraud
4359,"Hello Sunita, your FEDEX package with tracking code GB-9406-B98 is waiting for you to set delivery preferences: e5nbu.xyz/claim",spam,link_fraud,fake_delivery_link,en,link_only,,VK-UPIRWD,synthetic_v2,4,delivery_parcel_fraud
4369,"Hello Vikram, your FEDEX package with tracking code GB-7934-D36 is waiting for you to set delivery preferences: bit.ly/3xK9pL",spam,link_fraud,fake_delivery_link,en,link_only,,VK-RTOGOV,synthetic_v2,4,delivery_parcel_fraud
4382,"Hello Rajesh, your FEDEX package with tracking code GB-2077-F66 is waiting for you to set delivery preferences: bedy13.com/update",spam,link_fraud,fake_delivery_link,en,link_only,,VK-INDPST,synthetic_v2,4,delivery_parcel_fraud
4402,"Hello Kavita, your FEDEX package with tracking code GB-2193-D91 is waiting for you TO set delivery preferences: bit.ly/3xK9pL",spam,link_fraud,fake_delivery_link,en,link_only,,VM-WHATSP,synthetic_v2,4,delivery_parcel_fraud
4411,"Hello Amit, your FEDEX package with tracking code GB-3643-H33 is waiting for you to set delivery preferences: cutt.ly/fakeapp",spam,link_fraud,fake_delivery_link,en,link_only,,+91 7700XXXX45,synthetic_v2,4,delivery_parcel_fraud
4415,"Your FedEx parcel with tracking code GB-3444-G68 could not be delivered due to incomplete address.
ਕਿਰਪਾ ਕਰਕੇ ਤੁਰੰਤ ਕਾਰਵਾਈ ਕਰੋ, ਨਹੀਂ ਤਾਂ ਤੁਹਾਡਾ ਕੁਨੈਕਸ਼ਨ ਕੱਟ ਦਿੱਤਾ ਜਾਵੇਗਾ।
Click and open the pdf file below and check your details.
[Forwarded] FedEx_Delivery.apk  14 MB . APK",spam,apk_fraud,courier,pa,pdf_then_apk,FedEx,VK-UPIRWD,synthetic_v2,4,delivery_parcel_fraud
4416,"Hello Amit, your FEDEX package with tracking code GB-9881-F43 is waiting for you to set delivery preferences: bedy13.com/update",spam,link_fraud,fake_delivery_link,en,link_only,,VK-INDPST,synthetic_v2,4,delivery_parcel_fraud
4436,"Hello Anjali, your FEDEX package with tracking code GB-3603-H91 is waiting for you to set delivery preferences: bit.ly/3xK9pL",spam,link_fraud,fake_delivery_link,en,link_only,,AD-NETFLX,synthetic_v2,4,delivery_parcel_fraud
4440,"Hello Priya, your FEDEX package with tracking code GB-1964-C87 is waiting for you to set delivery preferences: e3fmr.info/track",spam,link_fraud,fake_delivery_link,en,link_only,,VM-SBIBNK,synthetic_v2,4,delivery_parcel_fraud
4445,"Hello Kavita, your FEDEX package with tracking code GB-1294-B76 is waiting for you to set delivery preferences: cutt.ly/fakeapp",spam,link_fraud,fake_delivery_link,en,link_only,,VK-INDPST,synthetic_v2,4,delivery_parcel_fraud
4452,"محترم گاہک،
Your FedEx parcel with tracking code GB-4507-G31 could not be delivered due to incomplete address.
براہ کرم 24 گھنٹوں کے اندر اقدام کریں، ورنہ آپ کا اکاؤنٹ بند ہو جائے گا۔
Click and open the pdf file below and check your details.
[Forwarded] FedEx_Delivery.apk  14 MB . APK",spam,apk_fraud,courier,ur,pdf_then_apk,FedEx,+91 8800XXXX12,synthetic_v2,4,delivery_parcel_fraud
4529,"प्रिय ग्राहक,
आपका FedEx पार्सल ट्रैकिंग कोड GB-4848-E38 अधूरे पते के कारण वितरित नहीं किया जा सका।
कृपया 24 घंटे के भीतर कार्रवाई करें, अन्यथा कानूनी कार्रवाई की जाएगी।
इस संदेश के साथ संलग्न क्यूआर कोड स्कैन करें और तुरंत सत्यापित करें।",spam,apk_fraud,courier,hi,qr_code,FedEx,INFO-GOVT,synthetic_v2,4,delivery_parcel_fraud
4530,"Hello Priya, your FEDEX package with tracking code GB-3650-F38 is waiting for you to set delivery preferences: cutt.ly/fakeapp",spam,link_fraud,fake_delivery_link,en,link_only,,VK-LOANAP,synthetic_v2,4,delivery_parcel_fraud
4532,"Hello Anjali, your FEDEX package with tracking code GB-6695-F96 is waiting for you to set delivery preferences: bit.ly/3xK9pL",spam,link_fraud,fake_delivery_link,en,link_only,,AD-NETFLX,synthetic_v2,4,delivery_parcel_fraud
4533,"Hello Vikram, your FEDEX package with tracking code GB-4659-E95 is waiting for you to set delivery preferences: cutt.ly/fakeapp",spam,link_fraud,fake_delivery_link,en,link_only,,AD-ICICIB,synthetic_v2,4,delivery_parcel_fraud
4563,"Hello Amit, your FEDEX package with tracking code GB-9501-H47 is waiting for you to set delivery preferences: cutt.ly/fakeapp",spam,link_fraud,fake_delivery_link,en,link_only,,VK-UPIRWD,synthetic_v2,4,delivery_parcel_fraud
4573,"Hello Pooja, your FEDEX package with tracking code GB-1402-H54 is waiting for you to set delivery preferences: cutt.ly/fakeapp",spam,link_fraud,fake_delivery_link,en,link_only,,AX-PWRBIL,synthetic_v2,4,delivery_parcel_fraud
4582,"আপনার FedEx পার্সেল ট্র্যাকিং কোড GB-1173-A18 অসম্পূর্ণ ঠিকানার কারণে ডেলিভার করা যায়নি।
অনুগ্রহ করে ২৪ ঘন্টার মধ্যে ব্যবস্থা নিন, নতুবা আপনার অ্যাকাউন্ট বন্ধ হয়ে যাবে।
অনুগ্রহ করে সংযুক্ত ফাইলটি দেখুন এবং এগিয়ে যেতে এটি খুলুন।
[ফরওয়ার্ড করা হয়েছে] FedEx_Delivery.apk  14 MB . APK",spam,apk_fraud,courier,bn,attached_file_no_link,FedEx,+91 8800XXXX12,synthetic_v2,4,delivery_parcel_fraud
4584,"Hello Kavita, your FEDEX package with tracking code GB-1899-C95 is waiting for you to set delivery preferences: tinyurl.com/y8mfraud",spam,link_fraud,fake_delivery_link,en,link_only,,VK-RTOGOV,synthetic_v2,4,delivery_parcel_fraud
4586,"Hello Rajesh, your FEDEX package with tracking code GB-4512-D48 is waiting for you to set delivery preferences: bedy13.com/update",spam,link_fraud,fake_delivery_link,en,link_only,,+91 7700XXXX45,synthetic_v2,4,delivery_parcel_fraud
4598,"Hello Manoj, your FEDEX package with tracking code GB-1032-D13 is waiting for you to set delivery preferences: bedy13.com/update",spam,link_fraud,fake_delivery_link,en,link_only,,VK-RTOGOV,synthetic_v2,4,delivery_parcel_fraud
4608,"Hello Manoj , your FEDEX package with tracking code GB-4757-A42 is waiting for YOU to set delivery preferences: bit.ly/3xK9pL",spam,link_fraud,fake_delivery_link,en,link_only,,+91 7700XXXX45,synthetic_v2,4,delivery_parcel_fraud
4614,"ਪਿਆਰੇ ਗਾਹਕ,
Your FedEx parcel with tracking code GB-3610-F22 could not be delivered due to incomplete address.
ਕਿਰਪਾ ਕਰਕੇ ਅੱਜ ਹੀ ਕਾਰਵਾਈ ਕਰੋ, ਨਹੀਂ ਤਾਂ ਤੁਹਾਡਾ ਕੁਨੈਕਸ਼ਨ ਕੱਟ ਦਿੱਤਾ ਜਾਵੇਗਾ।
ਕਿਰਪਾ ਕਰਕੇ ਨੱਥੀ ਫਾਈਲ ਦੇਖੋ ਅਤੇ ਅੱਗੇ ਵਧਣ ਲਈ ਇਸਨੂੰ ਖੋਲ੍ਹੋ।
[ਅੱਗੇ ਭੇਜਿਆ] FedEx_Delivery.apk  14 MB . APK",spam,apk_fraud,courier,pa,attached_file_no_link,FedEx,AD-NETFLX,synthetic_v2,4,delivery_parcel_fraud
4617,"ਪਿਆਰੇ ਗਾਹਕ,
Your FedEx parcel with tracking code GB-1684-A69 could not be delivered due to incomplete address.
ਕਿਰਪਾ ਕਰਕੇ ਅੱਜ ਹੀ ਕਾਰਵਾਈ ਕਰੋ, ਨਹੀਂ ਤਾਂ ਤੁਹਾਡਾ ਕੁਨੈਕਸ਼ਨ ਕੱਟ ਦਿੱਤਾ ਜਾਵੇਗਾ।
ਹੇਠਾਂ ਦਿੱਤੇ ਲਿੰਕ ਤੋਂ ਐਪ ਇੰਸਟਾਲ ਕਰੋ।
fedex-delivery-in.xyz
FedEx_Delivery.apk",spam,apk_fraud,courier,pa,link_apk,FedEx,AD-ICICIB,synthetic_v2,4,delivery_parcel_fraud
4619,"Hello Rajesh, your FEDEX package with tracking code GB-1605-G41 is waiting for you to set delivery preferences: cutt.ly/fakeapp",spam,link_fraud,fake_delivery_link,en,link_only,,+91 8800XXXX12,synthetic_v2,4,delivery_parcel_fraud
4627,"Hello Sunita, your FEDEX package with tracking code GB-9687-A87 is waiting for you to set delivery preferences: cutt.ly/fakeapp",spam,link_fraud,fake_delivery_link,en,link_only,,+91 7700XXXX45,synthetic_v2,4,delivery_parcel_fraud
4649,"Hello Kavita, your FEDEX package with tracking code GB-4078-C74 is waiting for you to set delivery preferences: bedy13.com/update",spam,link_fraud,fake_delivery_link,en,link_only,,VM-SBIBNK,synthetic_v2,4,delivery_parcel_fraud
4666,"Hello Amit, your FEDEX package with tracking code GB-4910-D50 is waiting for you to set delivery preferences: tinyurl.com/y8mfraud",spam,link_fraud,fake_delivery_link,en,link_only,,VK-RTOGOV,synthetic_v2,4,delivery_parcel_fraud
4672,"Hello Priya, your FEDEX package with tracking code GB-3629-F48 is waiting for you to set delivery preferences: e5nbu.xyz/claim",spam,link_fraud,fake_delivery_link,en,link_only,,VK-UPIRWD,synthetic_v2,4,delivery_parcel_fraud
4685,"Hello Vikram, your FEDEX package with tracking code GB-4400-C93 is waiting for you to set delivery preferences: bit.ly/3xK9pL",spam,link_fraud,fake_delivery_link,en,link_only,,VK-INDPST,synthetic_v2,4,delivery_parcel_fraud
4696,"Hello Amit, your FEDEX package with tracking code GB-9521-E93 is waiting for you to set delivery preferences: bit.ly/3xK9pL",spam,link_fraud,fake_delivery_link,en,link_only,,VK-UPIRWD,synthetic_v2,4,delivery_parcel_fraud
4702,"Hello Sunita, your FEDEX package with tracking code GB-7598-F43 is waiting for you to set delivery preferences: tinyurl.com/y8mfraud",spam,link_fraud,fake_delivery_link,en,link_only,,VM-WHATSP,synthetic_v2,4,delivery_parcel_fraud
4709,"Hello Rajesh, your FEDEX package with tracking code GB-2011-H31 is waiting for you to set delivery preferences: cutt.ly/fakeapp",spam,link_fraud,fake_delivery_link,en,link_only,,AD-ICICIB,synthetic_v2,4,delivery_parcel_fraud
4732,"Hello Suresh, your FEDEX package with tracking code GB-3924-A45 is waiting for you to set delivery preferences: e5nbu.xyz/claim",spam,link_fraud,fake_delivery_link,en,link_only,,VK-RTOGOV,synthetic_v2,4,delivery_parcel_fraud
4779,"Hello Priya, your FEDEX package with tracking code GB-6690-A96 is waiting for you to set delivery preferences: tinyurl.com/y8mfraud",spam,link_fraud,fake_delivery_link,en,link_only,,VK-LOANAP,synthetic_v2,4,delivery_parcel_fraud
4781,"Hello Anjali, your FEDEX package with tracking code GB-7651-C92 is waiting for you to set delivery preferences: tinyurl.com/y8mfraud",spam,link_fraud,fake_delivery_link,en,link_only,,INFO-GOVT,synthetic_v2,4,delivery_parcel_fraud
4798,"Hello Priya, your FEDEX package with tracking code GB-4014-A27 is waiting for you to set delivery preferences: tinyurl.com/y8mfraud",spam,link_fraud,fake_delivery_link,en,link_only,,VM-WHATSP,synthetic_v2,4,delivery_parcel_fraud
4803,"Hello Priya, your FEDEX package with tracking code GB-9154-E36 is waiting for you to set delivery preferences: e5nbu.xyz/claim",spam,link_fraud,fake_delivery_link,en,link_only,,VK-UPIRWD,synthetic_v2,4,delivery_parcel_fraud
4814,"Hello ANJALI, your FEDEX package with tracking code GB-2423-H53 is waiting for you to set delivery preferences: cutt.ly/fakeapp",spam,link_fraud,fake_delivery_link,en,link_only,,+91 8800XXXX12,synthetic_v2,4,delivery_parcel_fraud
4817,"Hello Vikram, ur FEDEX package with tracking code GB-6945-G27 is waiting for you to set delivery preferences: tinyurl.com/y8mfraud",spam,link_fraud,fake_delivery_link,en,link_only,,VK-INDPST,synthetic_v2,4,delivery_parcel_fraud
4818,"Hello Priya, your FEDEX package with tracking code GB-8554-H32 is waiting for you to set delivery preferences: e3fmr.info/track",spam,link_fraud,fake_delivery_link,en,link_only,,VK-LOANAP,synthetic_v2,4,delivery_parcel_fraud
4826,"Hello Anjali, your FEDEX package with tracking code GB-8711-E61 is waiting for you to set delivery preferences: tinyurl.com/y8mfraud",spam,link_fraud,fake_delivery_link,en,link_only,,VK-LOANAP,synthetic_v2,4,delivery_parcel_fraud
4828,"Your FedEx parcel with tracking code GB-5402-G58 could not be delivered due to incomplete address. Please act before midnight or your service will be suspended permanently. Click the link below and install the app to proceed.
fedex-delivery-in.xyz
FedEx_Delivery.apk",spam,apk_fraud,courier,en,link_apk,FedEx,+91 7700XXXX45,synthetic_v2,4,delivery_parcel_fraud
4829,"Hello Amit, your FEDEX package with tracking code GB-9026-C85 is waiting for you to set delivery preferences: BIT.LY/3XK9PL",spam,link_fraud,fake_delivery_link,en,link_only,,INFO-GOVT,synthetic_v2,4,delivery_parcel_fraud
4831,"Hello Manoj, your FEDEX package with tracking code GB-5543-A58 is waiting for you to set delivery preferences: bedy13.com/update",spam,link_fraud,fake_delivery_link,en,link_only,,VK-LOANAP,synthetic_v2,4,delivery_parcel_fraud
4869,"आपका FedEx पार्सल ट्रैकिंग कोड GB-4250-E96 अधूरे पते के कारण वितरित नहीं किया जा सका।
कृपया 24 घंटे के भीतर कार्रवाई करें , अन्यथा आपका खाता बंद हो जाएगा।
इस संदेश के साथ संलग्न क्यूआर कोड स्कैन करें और तुरंत सत्यापित करें।",spam,apk_fraud,courier,hi,qr_code,FedEx,INFO-GOVT,synthetic_v2,4,delivery_parcel_fraud
4872,"Hello Vikram, your FEDEX package with tracking code GB-2701-E10 is waiting for you to set delivery preferences: bit.ly/3xK9pL",spam,link_fraud,fake_delivery_link,en,link_only,,AD-NETFLX,synthetic_v2,4,delivery_parcel_fraud
4915,"Hello Suresh, your FEDEX package with tracking code GB-6337-B70 is waiting for you to set delivery preferences: bedy13.com/update",spam,link_fraud,fake_delivery_link,en,link_only,,AD-ICICIB,synthetic_v2,4,delivery_parcel_fraud
4928,"Hello Amit, your FEDEX package with tracking code GB-9392-E54 is waiting for you to set delivery preferences: bit.ly/3xK9pL",spam,link_fraud,fake_delivery_link,en,link_only,,+91 8800XXXX12,synthetic_v2,4,delivery_parcel_fraud
4932,"Hello Vikram, your FEDEX package with tracking code GB-3205-G84 is waiting for you to set delivery preferences: bedy13.com/update",spam,link_fraud,fake_delivery_link,en,link_only,,AX-PWRBIL,synthetic_v2,4,delivery_parcel_fraud
4936,"Hello Amit, your FEDEX package with tracking code GB-1428-C31 is waiting for you to set delivery preferences: cutt.ly/fakeapp",spam,link_fraud,fake_delivery_link,en,link_only,,VK-LOANAP,synthetic_v2,4,delivery_parcel_fraud
4937,"Hello Amit, your FEDEX package with tracking code GB-6419-C22 is waiting for you to set delivery preferences: cutt.ly/fakeapp",spam,link_fraud,fake_delivery_link,en,link_only,,+91 7700XXXX45,synthetic_v2,4,delivery_parcel_fraud
4978,"Hello Amit, your FEDEX package with tracking code GB-5840-F97 is waiting for you to set delivery preferences: e3fmr.info/track",spam,link_fraud,fake_delivery_link,en,link_only,,+91 8800XXXX12,synthetic_v2,4,delivery_parcel_fraud
4997,"Hello Sunita, your FEDEX package with tracking code GB-2487-B24 is waiting for you to set delivery preferences: bit.ly/3xK9pL",spam,link_fraud,fake_delivery_link,en,link_only,,VK-UPIRWD,synthetic_v2,4,delivery_parcel_fraud
